<ImportExportXml version="9.0.2.2261" SolutionPackageVersion="9.0" languagecode="1033" generatedBy="CrmLive" xmlns:xsi="http://www.w3.org/2001/XMLSchema-instance">
  <SolutionManifest>
    <UniqueName>MIMSAppSourceV2</UniqueName>
    <LocalizedNames>
      <LocalizedName description="IMS AppSource V2" languagecode="1033" />
    </LocalizedNames>
    <Descriptions />
    <Version>1.0.0.0</Version>
    <Managed>1</Managed>
    <Publisher>
      <UniqueName>defaultpublisherformims</UniqueName>
      <LocalizedNames>
        <LocalizedName description="Default Publisher for MIMS" languagecode="1033" />
      </LocalizedNames>
      <Descriptions>
        <Description description="Use this as the Default Publisher for all Solutions" languagecode="1033" />
      </Descriptions>
      <EMailAddress xsi:nil="true"></EMailAddress>
      <SupportingWebsiteUrl xsi:nil="true"></SupportingWebsiteUrl>
      <CustomizationPrefix>mims</CustomizationPrefix>
      <CustomizationOptionValuePrefix>10000</CustomizationOptionValuePrefix>
      <Addresses>
        <Address>
          <AddressNumber>1</AddressNumber>
          <AddressTypeCode>1</AddressTypeCode>
          <City xsi:nil="true"></City>
          <County xsi:nil="true"></County>
          <Country xsi:nil="true"></Country>
          <Fax xsi:nil="true"></Fax>
          <FreightTermsCode xsi:nil="true"></FreightTermsCode>
          <ImportSequenceNumber xsi:nil="true"></ImportSequenceNumber>
          <Latitude xsi:nil="true"></Latitude>
          <Line1 xsi:nil="true"></Line1>
          <Line2 xsi:nil="true"></Line2>
          <Line3 xsi:nil="true"></Line3>
          <Longitude xsi:nil="true"></Longitude>
          <Name xsi:nil="true"></Name>
          <PostalCode xsi:nil="true"></PostalCode>
          <PostOfficeBox xsi:nil="true"></PostOfficeBox>
          <PrimaryContactName xsi:nil="true"></PrimaryContactName>
          <ShippingMethodCode>1</ShippingMethodCode>
          <StateOrProvince xsi:nil="true"></StateOrProvince>
          <Telephone1 xsi:nil="true"></Telephone1>
          <Telephone2 xsi:nil="true"></Telephone2>
          <Telephone3 xsi:nil="true"></Telephone3>
          <TimeZoneRuleVersionNumber xsi:nil="true"></TimeZoneRuleVersionNumber>
          <UPSZone xsi:nil="true"></UPSZone>
          <UTCOffset xsi:nil="true"></UTCOffset>
          <UTCConversionTimeZoneCode xsi:nil="true"></UTCConversionTimeZoneCode>
        </Address>
        <Address>
          <AddressNumber>2</AddressNumber>
          <AddressTypeCode>1</AddressTypeCode>
          <City xsi:nil="true"></City>
          <County xsi:nil="true"></County>
          <Country xsi:nil="true"></Country>
          <Fax xsi:nil="true"></Fax>
          <FreightTermsCode xsi:nil="true"></FreightTermsCode>
          <ImportSequenceNumber xsi:nil="true"></ImportSequenceNumber>
          <Latitude xsi:nil="true"></Latitude>
          <Line1 xsi:nil="true"></Line1>
          <Line2 xsi:nil="true"></Line2>
          <Line3 xsi:nil="true"></Line3>
          <Longitude xsi:nil="true"></Longitude>
          <Name xsi:nil="true"></Name>
          <PostalCode xsi:nil="true"></PostalCode>
          <PostOfficeBox xsi:nil="true"></PostOfficeBox>
          <PrimaryContactName xsi:nil="true"></PrimaryContactName>
          <ShippingMethodCode>1</ShippingMethodCode>
          <StateOrProvince xsi:nil="true"></StateOrProvince>
          <Telephone1 xsi:nil="true"></Telephone1>
          <Telephone2 xsi:nil="true"></Telephone2>
          <Telephone3 xsi:nil="true"></Telephone3>
          <TimeZoneRuleVersionNumber xsi:nil="true"></TimeZoneRuleVersionNumber>
          <UPSZone xsi:nil="true"></UPSZone>
          <UTCOffset xsi:nil="true"></UTCOffset>
          <UTCConversionTimeZoneCode xsi:nil="true"></UTCConversionTimeZoneCode>
        </Address>
      </Addresses>
    </Publisher>
    <RootComponents>
      <RootComponent type="1" schemaName="activitypointer" behavior="2" />
      <RootComponent type="1" schemaName="adx_contentsnippet" behavior="1" />
      <RootComponent type="1" schemaName="adx_webform" behavior="0" />
      <RootComponent type="1" schemaName="adx_webformstep" behavior="2" />
      <RootComponent type="1" schemaName="contact" behavior="2" />
      <RootComponent type="1" schemaName="email" behavior="2" />
      <RootComponent type="1" schemaName="incident" behavior="0" />
      <RootComponent type="1" schemaName="incidentresolution" behavior="2" />
      <RootComponent type="1" schemaName="mims_10stageaos" behavior="0" />
      <RootComponent type="1" schemaName="mims_10stages" behavior="0" />
      <RootComponent type="1" schemaName="mims_11stage" behavior="0" />
      <RootComponent type="1" schemaName="mims_11stages2" behavior="0" />
      <RootComponent type="1" schemaName="mims_3stages" behavior="0" />
      <RootComponent type="1" schemaName="mims_4stages" behavior="0" />
      <RootComponent type="1" schemaName="mims_5stages" behavior="0" />
      <RootComponent type="1" schemaName="mims_5stages2" behavior="0" />
      <RootComponent type="1" schemaName="mims_6stage" behavior="0" />
      <RootComponent type="1" schemaName="mims_6stages2" behavior="0" />
      <RootComponent type="1" schemaName="mims_7stage" behavior="0" />
      <RootComponent type="1" schemaName="mims_7stages" behavior="0" />
      <RootComponent type="1" schemaName="mims_7stages2" behavior="0" />
      <RootComponent type="1" schemaName="mims_8stages" behavior="0" />
      <RootComponent type="1" schemaName="mims_8stages2" behavior="0" />
      <RootComponent type="1" schemaName="mims_9stages" behavior="0" />
      <RootComponent type="1" schemaName="mims_address" behavior="0" />
      <RootComponent type="1" schemaName="mims_binderadminconfig" behavior="0" />
      <RootComponent type="1" schemaName="mims_binderlog" behavior="0" />
      <RootComponent type="1" schemaName="mims_bpflog" behavior="0" />
      <RootComponent type="1" schemaName="mims_bpf_02879ea0bb5a4204ab4d7a825a19406d" behavior="0" />
      <RootComponent type="1" schemaName="mims_bulkrequestcontact" behavior="0" />
      <RootComponent type="1" schemaName="mims_businessprocessflow" behavior="0" />
      <RootComponent type="1" schemaName="mims_businessprocessflowstage" behavior="0" />
      <RootComponent type="1" schemaName="mims_casebinderconfig" behavior="0" />
      <RootComponent type="1" schemaName="mims_casedocuments" behavior="0" />
      <RootComponent type="1" schemaName="mims_caseforms" behavior="0" />
      <RootComponent type="1" schemaName="mims_caseletters" behavior="0" />
      <RootComponent type="1" schemaName="mims_casesteps" behavior="0" />
      <RootComponent type="1" schemaName="mims_casestepsconfig" behavior="0" />
      <RootComponent type="1" schemaName="mims_casetabsconfig" behavior="0" />
      <RootComponent type="1" schemaName="mims_casetype" behavior="0" />
      <RootComponent type="1" schemaName="mims_category" behavior="0" />
      <RootComponent type="1" schemaName="mims_configuration" behavior="0" />
      <RootComponent type="1" schemaName="mims_configurationstepsforquestionnarie" behavior="0" />
      <RootComponent type="1" schemaName="mims_country" behavior="0" />
      <RootComponent type="1" schemaName="mims_dependents" behavior="0" />
      <RootComponent type="1" schemaName="mims_documentexpiration" behavior="0" />
      <RootComponent type="1" schemaName="mims_documentsconfig" behavior="0" />
      <RootComponent type="1" schemaName="mims_eb3downgrade" behavior="0" />
      <RootComponent type="1" schemaName="mims_eb3i140" behavior="0" />
      <RootComponent type="1" schemaName="mims_emailtemplatestaging" behavior="0" />
      <RootComponent type="1" schemaName="mims_employedocumnets" behavior="0" />
      <RootComponent type="1" schemaName="mims_employmenthistory" behavior="0" />
      <RootComponent type="1" schemaName="mims_exportcontrolcountrylist" behavior="0" />
      <RootComponent type="1" schemaName="mims_f1cpt" behavior="0" />
      <RootComponent type="1" schemaName="mims_fedexlabel" behavior="0" />
      <RootComponent type="1" schemaName="mims_fedexshipmentprofile" behavior="0" />
      <RootComponent type="1" schemaName="mims_g28" behavior="0" />
      <RootComponent type="1" schemaName="mims_holidaycalendar" behavior="0" />
      <RootComponent type="1" schemaName="mims_i129" behavior="0" />
      <RootComponent type="1" schemaName="mims_i129dc" behavior="0" />
      <RootComponent type="1" schemaName="mims_i129h" behavior="0" />
      <RootComponent type="1" schemaName="mims_i129l" behavior="0" />
      <RootComponent type="1" schemaName="mims_i129s" behavior="0" />
      <RootComponent type="1" schemaName="mims_i131" behavior="0" />
      <RootComponent type="1" schemaName="mims_i140" behavior="0" />
      <RootComponent type="1" schemaName="mims_i485" behavior="0" />
      <RootComponent type="1" schemaName="mims_i485j" behavior="0" />
      <RootComponent type="1" schemaName="mims_i539" behavior="0" />
      <RootComponent type="1" schemaName="mims_i751" behavior="0" />
      <RootComponent type="1" schemaName="mims_i765" behavior="0" />
      <RootComponent type="1" schemaName="mims_i824" behavior="0" />
      <RootComponent type="1" schemaName="mims_i90" behavior="0" />
      <RootComponent type="1" schemaName="mims_i907" behavior="0" />
      <RootComponent type="1" schemaName="mims_i983" behavior="0" />
      <RootComponent type="1" schemaName="mims_immigrationnews" behavior="0" />
      <RootComponent type="1" schemaName="mims_integrationfailure" behavior="0" />
      <RootComponent type="1" schemaName="mims_integrationsconfig" behavior="0" />
      <RootComponent type="1" schemaName="mims_jobdescription" behavior="0" />
      <RootComponent type="1" schemaName="mims_lcatosharepoint" behavior="0" />
      <RootComponent type="1" schemaName="mims_masterattorneyconfiguration" behavior="0" />
      <RootComponent type="1" schemaName="mims_mastercaseconfiguration" behavior="0" />
      <RootComponent type="1" schemaName="mims_masterdocuments" behavior="0" />
      <RootComponent type="1" schemaName="mims_masterforms" behavior="0" />
      <RootComponent type="1" schemaName="mims_masterletters" behavior="0" />
      <RootComponent type="1" schemaName="mims_mastersteps" behavior="0" />
      <RootComponent type="1" schemaName="mims_matter" behavior="0" />
      <RootComponent type="1" schemaName="mims_mattertracker" behavior="0" />
      <RootComponent type="1" schemaName="mims_oc" behavior="0" />
      <RootComponent type="1" schemaName="mims_onestage" behavior="0" />
      <RootComponent type="1" schemaName="mims_otherforms" behavior="0" />
      <RootComponent type="1" schemaName="mims_outsidecounsel" behavior="0" />
      <RootComponent type="1" schemaName="mims_ownerlog" behavior="0" />
      <RootComponent type="1" schemaName="mims_printdocument" behavior="0" />
      <RootComponent type="1" schemaName="mims_qualityticket" behavior="0" />
      <RootComponent type="1" schemaName="mims_qualityticketissue" behavior="0" />
      <RootComponent type="1" schemaName="mims_questionnaire" behavior="0" />
      <RootComponent type="1" schemaName="mims_questionnaireaddress" behavior="0" />
      <RootComponent type="1" schemaName="mims_questionnairebirthpassportinformation" behavior="0" />
      <RootComponent type="1" schemaName="mims_questionnaireconfiguration" behavior="0" />
      <RootComponent type="1" schemaName="mims_questionnairedualcitizenship" behavior="0" />
      <RootComponent type="1" schemaName="mims_questionnaireeducationhistory" behavior="0" />
      <RootComponent type="1" schemaName="mims_questionnaireeligibilitycategories" behavior="0" />
      <RootComponent type="1" schemaName="mims_questionnaireempauthinfo" behavior="0" />
      <RootComponent type="1" schemaName="mims_questionnairegeneraleligibility1" behavior="0" />
      <RootComponent type="1" schemaName="mims_questionnairegeneraleligibility2" behavior="0" />
      <RootComponent type="1" schemaName="mims_questionnairegeneraleligibility3" behavior="0" />
      <RootComponent type="1" schemaName="mims_questionnairegeneraleligibility4" behavior="0" />
      <RootComponent type="1" schemaName="mims_questionnairegeneraleligibility5" behavior="0" />
      <RootComponent type="1" schemaName="mims_questionnairegeneraleligibility6" behavior="0" />
      <RootComponent type="1" schemaName="mims_questionnairei751" behavior="0" />
      <RootComponent type="1" schemaName="mims_questionnairei94information_h_or_l" behavior="0" />
      <RootComponent type="1" schemaName="mims_questionnairemiscellaneousinformation" behavior="0" />
      <RootComponent type="1" schemaName="mims_questionnaireothernames" behavior="0" />
      <RootComponent type="1" schemaName="mims_questionnairepreviouslyusednames" behavior="0" />
      <RootComponent type="1" schemaName="mims_questionnaireschoolinformation" behavior="0" />
      <RootComponent type="1" schemaName="mims_questionnairetravelinformation" behavior="0" />
      <RootComponent type="1" schemaName="mims_questionnairevisainformation" behavior="0" />
      <RootComponent type="1" schemaName="mims_questionnaire_admissibilityquestions" behavior="0" />
      <RootComponent type="1" schemaName="mims_questionnaire_affiliations" behavior="0" />
      <RootComponent type="1" schemaName="mims_questionnaire_employmentinterruptions" behavior="0" />
      <RootComponent type="1" schemaName="mims_questionnaire_jobexperienceinfo" behavior="0" />
      <RootComponent type="1" schemaName="mims_questionnaire_marriageinformation" behavior="0" />
      <RootComponent type="1" schemaName="mims_questionnaire_pointofcontact" behavior="0" />
      <RootComponent type="1" schemaName="mims_questionnaire_reentrypermit" behavior="0" />
      <RootComponent type="1" schemaName="mims_questionnaire_supplementa" behavior="0" />
      <RootComponent type="1" schemaName="mims_questionnapplicantstayperiodinformation" behavior="0" />
      <RootComponent type="1" schemaName="mims_request" behavior="0" />
      <RootComponent type="1" schemaName="mims_requestadminconfigurablerules" behavior="0" />
      <RootComponent type="1" schemaName="mims_requestcategory" behavior="0" />
      <RootComponent type="1" schemaName="mims_requestslaconfiguration" behavior="0" />
      <RootComponent type="1" schemaName="mims_requestsubcategory" behavior="0" />
      <RootComponent type="1" schemaName="mims_rfeissue" behavior="0" />
      <RootComponent type="1" schemaName="mims_ssn" behavior="0" />
      <RootComponent type="1" schemaName="mims_stagequeuemapping" behavior="0" />
      <RootComponent type="1" schemaName="mims_t360batches" behavior="0" />
      <RootComponent type="1" schemaName="mims_tags" behavior="0" />
      <RootComponent type="1" schemaName="mims_taskcategories" behavior="0" />
      <RootComponent type="1" schemaName="mims_tnmexcan" behavior="0" />
      <RootComponent type="1" schemaName="mims_traveltracking" behavior="0" />
      <RootComponent type="1" schemaName="mims_usembassy" behavior="0" />
      <RootComponent type="1" schemaName="mims_visaevaluationfinding" behavior="0" />
      <RootComponent type="1" schemaName="mims_visastatuslist" behavior="0" />
      <RootComponent type="1" schemaName="msdyn_emailcounts" behavior="2" />
      <RootComponent type="1" schemaName="msdyn_responseaction" behavior="2" />
      <RootComponent type="1" schemaName="msdyn_surveyinvite" behavior="2" />
      <RootComponent type="1" schemaName="queue" behavior="0" />
      <RootComponent type="1" schemaName="queueitem" behavior="2" />
      <RootComponent type="1" schemaName="syncerror" behavior="2" />
      <RootComponent type="1" schemaName="systemuser" behavior="0" />
      <RootComponent type="1" schemaName="task" behavior="0" />
      <RootComponent type="1" schemaName="team" behavior="2" />
      <RootComponent type="9" schemaName="mims_casestepsstages" behavior="0" />
      <RootComponent type="9" schemaName="mims_casetype" behavior="0" />
      <RootComponent type="9" schemaName="mims_classificationeligibility" behavior="0" />
      <RootComponent type="9" schemaName="mims_consulatelocation" behavior="0" />
      <RootComponent type="9" schemaName="mims_distributionstatus" behavior="0" />
      <RootComponent type="9" schemaName="mims_eadtype" behavior="0" />
      <RootComponent type="9" schemaName="mims_fnstatus" behavior="0" />
      <RootComponent type="9" schemaName="mims_formstatuscode" behavior="0" />
      <RootComponent type="9" schemaName="mims_heightinfeet" behavior="0" />
      <RootComponent type="9" schemaName="mims_heightininches" behavior="0" />
      <RootComponent type="9" schemaName="mims_housetype" behavior="0" />
      <RootComponent type="9" schemaName="mims_i539_changeofstatus" behavior="0" />
      <RootComponent type="9" schemaName="mims_immigrationstatus" behavior="0" />
      <RootComponent type="9" schemaName="mims_integrationapplication" behavior="0" />
      <RootComponent type="9" schemaName="mims_jobtitle" behavior="0" />
      <RootComponent type="9" schemaName="mims_masterformslist" behavior="0" />
      <RootComponent type="9" schemaName="mims_nonimmigrantclassification" behavior="0" />
      <RootComponent type="9" schemaName="mims_nonimmigrantstatus" behavior="0" />
      <RootComponent type="9" schemaName="mims_numbersonetoten" behavior="0" />
      <RootComponent type="9" schemaName="mims_prioritycategory" behavior="0" />
      <RootComponent type="9" schemaName="mims_purposeoftriptous" behavior="0" />
      <RootComponent type="9" schemaName="mims_questionnaireboolean" behavior="0" />
      <RootComponent type="9" schemaName="mims_relation" behavior="0" />
      <RootComponent type="9" schemaName="mims_requiredoptional" behavior="0" />
      <RootComponent type="9" schemaName="mims_source" behavior="0" />
      <RootComponent type="9" schemaName="mims_status" behavior="0" />
      <RootComponent type="9" schemaName="mims_steptype" behavior="0" />
      <RootComponent type="9" schemaName="mims_type" behavior="0" />
      <RootComponent type="9" schemaName="mims_typeofdegree" behavior="0" />
      <RootComponent type="9" schemaName="mims_usastates" behavior="0" />
      <RootComponent type="9" schemaName="mims_version" behavior="0" />
      <RootComponent type="9" schemaName="mims_visastatus" behavior="0" />
      <RootComponent type="9" schemaName="mims_visatype" behavior="0" />
      <RootComponent type="20" id="{1371b7d6-67cf-e711-80fc-3863bb2e0320}" behavior="0" />
      <RootComponent type="20" id="{1b0e4d6a-9794-e711-80f5-3863bb35ed38}" behavior="0" />
      <RootComponent type="20" id="{3b49f80f-fd62-e711-80e8-3863bb2e0320}" behavior="0" />
      <RootComponent type="20" id="{3be8d43a-734b-e711-80e9-3863bb35ed38}" behavior="0" />
      <RootComponent type="20" id="{461844ac-eed3-e611-80ee-c4346bacf588}" behavior="0" />
      <RootComponent type="20" id="{7328c430-224c-e711-80e4-3863bb2e0320}" behavior="0" />
      <RootComponent type="20" id="{7def3584-bf0a-e711-80dd-3863bb353d80}" behavior="0" />
      <RootComponent type="20" id="{874a7bcf-486c-e711-80ed-3863bb353d80}" behavior="0" />
      <RootComponent type="20" id="{8c73a0c6-1f20-e711-80de-3863bb2e0320}" behavior="0" />
      <RootComponent type="20" id="{a18c9100-224c-e711-80e4-3863bb2e0320}" behavior="0" />
      <RootComponent type="20" id="{cb7e9ece-f462-e711-80e8-3863bb2e0320}" behavior="0" />
      <RootComponent type="20" id="{daa5c9e6-ca62-e711-80ec-3863bb353d80}" behavior="0" />
      <RootComponent type="20" id="{db5d6633-ecd3-e611-80ee-c4346bacf588}" behavior="0" />
      <RootComponent type="20" id="{db77cd8a-009e-e711-80f4-3863bb353d80}" behavior="0" />
      <RootComponent type="29" id="{02879ea0-bb5a-4204-ab4d-7a825a19406d}" behavior="0" />
      <RootComponent type="29" id="{06b0ddd3-9445-4b92-9a42-49fc2bc51d94}" behavior="0" />
      <RootComponent type="29" id="{07fc6bdc-ff29-44a9-acfd-0aa5abda5bdd}" behavior="0" />
      <RootComponent type="29" id="{08a41439-a10a-4ccf-99e0-3005305f3eab}" behavior="0" />
      <RootComponent type="29" id="{0baa1168-419a-4ef0-abad-dd17afde94c6}" behavior="0" />
      <RootComponent type="29" id="{0c4ce649-67ec-e611-8102-5065f38bc1d1}" behavior="0" />
      <RootComponent type="29" id="{0db9ae73-8590-48cd-8489-c87c9b6a4c1b}" behavior="0" />
      <RootComponent type="29" id="{0e0512fe-97cb-40d3-b6b4-225fe179c239}" behavior="0" />
      <RootComponent type="29" id="{109f727f-3b14-471a-a714-389c51fb36a6}" behavior="0" />
      <RootComponent type="29" id="{11b0d30a-db3e-e811-8116-3863bb2bca60}" behavior="0" />
      <RootComponent type="29" id="{123bcac5-b6f2-4943-a5a4-b4ce74dd4d4e}" behavior="0" />
      <RootComponent type="29" id="{12a43ed4-c850-4c7f-9aa7-5c1903d94b74}" behavior="0" />
      <RootComponent type="29" id="{15c03c8d-754f-4386-a62c-cf7e91337ebd}" behavior="0" />
      <RootComponent type="29" id="{1a2ad389-8761-413d-bd63-abb30e8d78d9}" behavior="0" />
      <RootComponent type="29" id="{24c35efa-9dd8-e611-80fb-3863bb2e92b0}" behavior="0" />
      <RootComponent type="29" id="{259e1717-be3f-4bc7-b11c-d9747383dbcf}" behavior="0" />
      <RootComponent type="29" id="{287195f3-48a4-e711-80f1-3863bb2bca60}" behavior="0" />
      <RootComponent type="29" id="{2a15296f-b0e5-49c1-b26e-5be257678b36}" behavior="0" />
      <RootComponent type="29" id="{2fde101a-6911-4117-9238-f66855e03580}" behavior="0" />
      <RootComponent type="29" id="{313c4dc9-bdd3-400e-b71a-3d28bf6835e8}" behavior="0" />
      <RootComponent type="29" id="{36b4cc06-7899-e711-80f0-3863bb2bca60}" behavior="0" />
      <RootComponent type="29" id="{3788568d-d135-4f4b-a1ec-6301fc37103c}" behavior="0" />
      <RootComponent type="29" id="{3a415d09-f13f-4e97-a6ae-c15552b74b5c}" behavior="0" />
      <RootComponent type="29" id="{3ded0b13-834b-e711-80e4-3863bb2e0320}" behavior="0" />
      <RootComponent type="29" id="{4753c30f-327b-4a9a-9e29-e7189ea24408}" behavior="0" />
      <RootComponent type="29" id="{4ae02b9d-9503-4d6a-aa44-43373704d4bb}" behavior="0" />
      <RootComponent type="29" id="{4b70899e-6772-4c0f-930b-55fb833953b6}" behavior="0" />
      <RootComponent type="29" id="{4c073f0e-6363-48e4-bbcb-7e0ff25565ad}" behavior="0" />
      <RootComponent type="29" id="{528281f2-3981-4729-a17a-2eadf79ff5c7}" behavior="0" />
      <RootComponent type="29" id="{55b9a2b5-f548-4070-b706-64caabce52ba}" behavior="0" />
      <RootComponent type="29" id="{568d137d-adc1-46c9-8a70-52b59a1b8bf6}" behavior="0" />
      <RootComponent type="29" id="{5a95142b-da3e-e811-8116-3863bb2bca60}" behavior="0" />
      <RootComponent type="29" id="{5ba9fd3f-6307-44c6-98fd-8fa086fb15c2}" behavior="0" />
      <RootComponent type="29" id="{5cb2d974-544c-4315-aa6a-e934909851cc}" behavior="0" />
      <RootComponent type="29" id="{61596cf7-65d4-4b4f-8237-53939315845b}" behavior="0" />
      <RootComponent type="29" id="{66019b75-4fe9-e611-8102-5065f38b81a1}" behavior="0" />
      <RootComponent type="29" id="{69cc19bf-ce74-4fda-9e2d-4839b8e0b7f1}" behavior="0" />
      <RootComponent type="29" id="{6bb3bba9-a2aa-4811-a959-22595a2d1641}" behavior="0" />
      <RootComponent type="29" id="{6cb97a4f-ac67-e711-80e8-3863bb2e0320}" behavior="0" />
      <RootComponent type="29" id="{6d909c69-ca6e-4452-be99-a141d32c3fcf}" behavior="0" />
      <RootComponent type="29" id="{70216257-4055-458a-b037-62561fcd92f4}" behavior="0" />
      <RootComponent type="29" id="{71f1ee73-eab2-4f8a-95e8-5272fe836f57}" behavior="0" />
      <RootComponent type="29" id="{71f6b2e3-b6b8-46b9-9699-55ecb3dc3366}" behavior="0" />
      <RootComponent type="29" id="{74ad2395-88bf-494b-afc8-cb194b44b9e6}" behavior="0" />
      <RootComponent type="29" id="{752fd3f5-f174-40a9-aac8-04586cf9f1ee}" behavior="0" />
      <RootComponent type="29" id="{792f8863-b462-44df-b39f-b362937962cb}" behavior="0" />
      <RootComponent type="29" id="{7fba9625-4fc8-430b-b719-de36c4bf005a}" behavior="0" />
      <RootComponent type="29" id="{802f15d6-0b59-4c76-bdd4-b5c1fe5be88f}" behavior="0" />
      <RootComponent type="29" id="{8271978c-0fb3-e711-80fc-3863bb35ed38}" behavior="0" />
      <RootComponent type="29" id="{8949063f-48bb-4aa7-8fd5-213b4d92922a}" behavior="0" />
      <RootComponent type="29" id="{894d2f1d-6c42-4458-a19f-b601a4778b40}" behavior="0" />
      <RootComponent type="29" id="{8970205e-8574-4bf5-beb3-de75ff8f0470}" behavior="0" />
      <RootComponent type="29" id="{8987ccca-47be-492f-b908-77b9d488245e}" behavior="0" />
      <RootComponent type="29" id="{8d10a9a8-a4dc-4101-bd17-26d8a1d25aed}" behavior="0" />
      <RootComponent type="29" id="{8d9239e1-a5d9-e711-80ff-3863bb2bca60}" behavior="0" />
      <RootComponent type="29" id="{90a9bd9d-acb7-4fe2-8d9c-93958a8ad4eb}" behavior="0" />
      <RootComponent type="29" id="{93a6ed00-369f-4212-9297-8863b907a45b}" behavior="0" />
      <RootComponent type="29" id="{98ec02cd-1562-45e6-beac-29b1180c50af}" behavior="0" />
      <RootComponent type="29" id="{9af98c71-27b3-e711-80fc-3863bb35ed38}" behavior="0" />
      <RootComponent type="29" id="{9b636edb-d1db-45c3-8f94-a6072722993e}" behavior="0" />
      <RootComponent type="29" id="{9d5adead-7d2a-e711-80e6-3863bb35ed38}" behavior="0" />
      <RootComponent type="29" id="{9e5c4488-fd43-4780-91a4-f9ba90be2992}" behavior="0" />
      <RootComponent type="29" id="{a208af03-4b10-4dc8-bd67-4b16fae91128}" behavior="0" />
      <RootComponent type="29" id="{a32f2302-d2ee-43af-ab21-0d58b942c2b0}" behavior="0" />
      <RootComponent type="29" id="{a3d8afa7-06db-4d20-874c-38f10c35bf46}" behavior="0" />
      <RootComponent type="29" id="{a73382ed-2a69-4479-9759-4b7ce3e32733}" behavior="0" />
      <RootComponent type="29" id="{a7985e05-1e8c-4bb4-a4cd-7b31c15f9410}" behavior="0" />
      <RootComponent type="29" id="{aafe787e-9185-431d-b4a1-781519c49fbe}" behavior="0" />
      <RootComponent type="29" id="{b5b5263c-3a6d-4370-8d20-a6e071bc083a}" behavior="0" />
      <RootComponent type="29" id="{b5c3a2c5-132a-4601-a1ca-aa09ad3cfaa7}" behavior="0" />
      <RootComponent type="29" id="{b8d26ec7-32c7-448b-a8b0-9e67086707f2}" behavior="0" />
      <RootComponent type="29" id="{bf13897f-f5d2-4163-9f04-87c5fd640ba5}" behavior="0" />
      <RootComponent type="29" id="{c1e63970-de70-4d22-a43e-9fd2064853fd}" behavior="0" />
      <RootComponent type="29" id="{c35035b0-38d0-4707-a10e-658ab104de41}" behavior="0" />
      <RootComponent type="29" id="{c39c4810-1dcc-e611-80fa-3863bb34cb20}" behavior="0" />
      <RootComponent type="29" id="{cadc50ca-78c0-466e-9106-25cc7df934ec}" behavior="0" />
      <RootComponent type="29" id="{cb5f419e-15ab-4c32-af93-7bebd3b1cdf9}" behavior="0" />
      <RootComponent type="29" id="{cf22c93e-f5f2-41b0-8706-00f270f1818d}" behavior="0" />
      <RootComponent type="29" id="{d07761c3-f21a-4458-87b1-674270d1bc42}" behavior="0" />
      <RootComponent type="29" id="{d1a3f142-4702-4ff9-a837-29cd6fea9b2b}" behavior="0" />
      <RootComponent type="29" id="{d77309d0-1b3f-46cd-9666-755b3060315f}" behavior="0" />
      <RootComponent type="29" id="{d7ab9cb0-4270-42a7-83f1-2d5d2e494dba}" behavior="0" />
      <RootComponent type="29" id="{d83e7f00-f2cc-e611-80f8-3863bb2e92b0}" behavior="0" />
      <RootComponent type="29" id="{d88c1aca-7c77-e711-80f0-3863bb35ed38}" behavior="0" />
      <RootComponent type="29" id="{d8fd6002-bd1a-e711-80de-3863bb2bca60}" behavior="0" />
      <RootComponent type="29" id="{d9050ff1-3159-4227-8c82-6aa7cf645260}" behavior="0" />
      <RootComponent type="29" id="{da949167-9b44-4022-bffb-cbd0c6524255}" behavior="0" />
      <RootComponent type="29" id="{db7b2078-4416-458c-b973-5b1a54470a8c}" behavior="0" />
      <RootComponent type="29" id="{e108e596-3206-469e-bc7b-accc66c9a966}" behavior="0" />
      <RootComponent type="29" id="{f00c8279-4d4f-4339-a605-51fe1f783a94}" behavior="0" />
      <RootComponent type="29" id="{f0b85f1a-55b6-4c8f-86a4-3f7172d6b8ba}" behavior="0" />
      <RootComponent type="29" id="{f207a754-b6cd-4384-bc33-86d9b0ce7308}" behavior="0" />
      <RootComponent type="29" id="{f5b0a6d3-a6f2-4c1b-9351-2a62b610b64c}" behavior="0" />
      <RootComponent type="29" id="{f64808c3-e1d3-4fc3-9e15-d7e25dbc1d62}" behavior="0" />
      <RootComponent type="29" id="{f64b181f-6170-4325-87b6-75000a4239c4}" behavior="0" />
      <RootComponent type="29" id="{fa3cf8da-3fdc-442c-a275-3710e16f7598}" behavior="0" />
      <RootComponent type="29" id="{feb1bf25-189d-4ffa-bc46-09ccca0d1215}" behavior="0" />
      <RootComponent type="36" id="{007d324f-bb84-e711-80f8-3863bb3cc560}" behavior="0" />
      <RootComponent type="36" id="{00a25352-c2a4-e711-810b-5065f38ba121}" behavior="0" />
      <RootComponent type="36" id="{00ed6f83-0a82-e711-80f9-3863bb3c0560}" behavior="0" />
      <RootComponent type="36" id="{02f5c01a-d384-e711-80f8-3863bb3cc560}" behavior="0" />
      <RootComponent type="36" id="{0476df47-c984-e711-80f8-3863bb3cc560}" behavior="0" />
      <RootComponent type="36" id="{058165fe-d783-e711-80fa-3863bb3630a8}" behavior="0" />
      <RootComponent type="36" id="{0588ecf5-5ce7-e611-8101-5065f38bc1d1}" behavior="0" />
      <RootComponent type="36" id="{06d3057b-3183-e711-80fa-3863bb3630a8}" behavior="0" />
      <RootComponent type="36" id="{087d0824-4e83-e711-80fa-3863bb3630a8}" behavior="0" />
      <RootComponent type="36" id="{0901d87b-ac84-e711-80f8-3863bb3cc560}" behavior="0" />
      <RootComponent type="36" id="{09a13af0-c884-e711-80fa-3863bb3630a8}" behavior="0" />
      <RootComponent type="36" id="{0ba9feef-b684-e711-80fa-3863bb3630a8}" behavior="0" />
      <RootComponent type="36" id="{0bad73af-d983-e711-80fa-3863bb3630a8}" behavior="0" />
      <RootComponent type="36" id="{0bf8717e-d384-e711-80f9-3863bb3c0560}" behavior="0" />
      <RootComponent type="36" id="{0c1267d3-0b82-e711-80f9-3863bb3c0560}" behavior="0" />
      <RootComponent type="36" id="{0c402875-c984-e711-80fa-3863bb3630a8}" behavior="0" />
      <RootComponent type="36" id="{0ca9cfc6-3493-e711-8106-c4346bdc71f1}" behavior="0" />
      <RootComponent type="36" id="{1177d057-8f4a-e711-80e5-3863bb2bca60}" behavior="0" />
      <RootComponent type="36" id="{11e08c96-0b8d-e711-80fb-3863bb3c0560}" behavior="0" />
      <RootComponent type="36" id="{120442d9-d684-e711-80fa-3863bb3630a8}" behavior="0" />
      <RootComponent type="36" id="{122ff848-4783-e711-80fa-3863bb3630a8}" behavior="0" />
      <RootComponent type="36" id="{134e2e5e-2383-e711-80fa-3863bb3630a8}" behavior="0" />
      <RootComponent type="36" id="{14f48be0-cf84-e711-80fa-3863bb3630a8}" behavior="0" />
      <RootComponent type="36" id="{15562a53-d084-e711-80fa-3863bb3630a8}" behavior="0" />
      <RootComponent type="36" id="{163ecdf1-6693-e711-8106-c4346bdc71f1}" behavior="0" />
      <RootComponent type="36" id="{16660e02-e083-e711-80fa-3863bb3630a8}" behavior="0" />
      <RootComponent type="36" id="{16fbad77-dc83-e711-80fa-3863bb3630a8}" behavior="0" />
      <RootComponent type="36" id="{18941146-cb84-e711-80fa-3863bb3630a8}" behavior="0" />
      <RootComponent type="36" id="{1a8f1339-cb84-e711-8110-3863bb351f08}" behavior="0" />
      <RootComponent type="36" id="{1bf6ff78-d084-e711-80fa-3863bb3630a8}" behavior="0" />
      <RootComponent type="36" id="{1d45b86c-bd84-e711-80f8-3863bb3cc560}" behavior="0" />
      <RootComponent type="36" id="{1db0c6be-6993-e711-8106-c4346bdc71f1}" behavior="0" />
      <RootComponent type="36" id="{1e71e2e6-4283-e711-80fa-3863bb3630a8}" behavior="0" />
      <RootComponent type="36" id="{1fcd44bf-cc84-e711-80fa-3863bb3630a8}" behavior="0" />
      <RootComponent type="36" id="{20011e7f-ca84-e711-80fa-3863bb3630a8}" behavior="0" />
      <RootComponent type="36" id="{20ad6eb5-db83-e711-80fa-3863bb3630a8}" behavior="0" />
      <RootComponent type="36" id="{2250b454-4683-e711-80fa-3863bb3630a8}" behavior="0" />
      <RootComponent type="36" id="{22913187-d284-e711-80fa-3863bb3630a8}" behavior="0" />
      <RootComponent type="36" id="{23b8fda3-cd84-e711-80f8-3863bb3cc560}" behavior="0" />
      <RootComponent type="36" id="{26a7c825-d983-e711-80fa-3863bb3630a8}" behavior="0" />
      <RootComponent type="36" id="{279db3fd-d584-e711-80fa-3863bb3630a8}" behavior="0" />
      <RootComponent type="36" id="{28b04e45-d684-e711-80fa-3863bb3630a8}" behavior="0" />
      <RootComponent type="36" id="{292dc6ed-c884-e711-80f8-3863bb3cc560}" behavior="0" />
      <RootComponent type="36" id="{2d046213-d86a-e711-80ef-3863bb35ed38}" behavior="0" />
      <RootComponent type="36" id="{2d68dc6c-ea83-e711-80fa-3863bb3630a8}" behavior="0" />
      <RootComponent type="36" id="{2e5448fb-4783-e711-80fa-3863bb3630a8}" behavior="0" />
      <RootComponent type="36" id="{2e803e6f-2993-e711-8106-c4346bdc71f1}" behavior="0" />
      <RootComponent type="36" id="{2f01e8e1-4683-e711-80fa-3863bb3630a8}" behavior="0" />
      <RootComponent type="36" id="{2ffd294b-d583-e711-80fa-3863bb3630a8}" behavior="0" />
      <RootComponent type="36" id="{31514ea6-a11a-e811-8108-3863bb2bca60}" behavior="0" />
      <RootComponent type="36" id="{318cae36-d784-e711-80f9-3863bb3c0560}" behavior="0" />
      <RootComponent type="36" id="{32531d98-c984-e711-80fa-3863bb3630a8}" behavior="0" />
      <RootComponent type="36" id="{325c5488-3593-e711-8106-c4346bdc71f1}" behavior="0" />
      <RootComponent type="36" id="{32b5e519-ba84-e711-80fa-3863bb3630a8}" behavior="0" />
      <RootComponent type="36" id="{374ccad0-d084-e711-80fa-3863bb3630a8}" behavior="0" />
      <RootComponent type="36" id="{378dde1e-d584-e711-80f9-3863bb3c0560}" behavior="0" />
      <RootComponent type="36" id="{38937f31-3683-e711-80fa-3863bb3630a8}" behavior="0" />
      <RootComponent type="36" id="{3917b580-cf84-e711-80f8-3863bb3cc560}" behavior="0" />
      <RootComponent type="36" id="{3a64bdcc-be84-e711-80fa-3863bb3630a8}" behavior="0" />
      <RootComponent type="36" id="{3aebb082-4883-e711-80fa-3863bb3630a8}" behavior="0" />
      <RootComponent type="36" id="{3b0d2f32-4983-e711-80fa-3863bb3630a8}" behavior="0" />
      <RootComponent type="36" id="{3cf852b8-d084-e711-80fa-3863bb3630a8}" behavior="0" />
      <RootComponent type="36" id="{3e79d721-de83-e711-80fa-3863bb3630a8}" behavior="0" />
      <RootComponent type="36" id="{3f3b615e-bd84-e711-80fa-3863bb3630a8}" behavior="0" />
      <RootComponent type="36" id="{3f5ce6e6-2383-e711-80fa-3863bb3630a8}" behavior="0" />
      <RootComponent type="36" id="{3f9bd08f-c884-e711-80fa-3863bb3630a8}" behavior="0" />
      <RootComponent type="36" id="{403aa493-c884-e711-80f8-3863bb3cc560}" behavior="0" />
      <RootComponent type="36" id="{42162f15-4b8f-e711-8110-5065f38a0a81}" behavior="0" />
      <RootComponent type="36" id="{42a209b1-cd84-e711-80fa-3863bb3630a8}" behavior="0" />
      <RootComponent type="36" id="{438c6779-cb84-e711-8110-3863bb351f08}" behavior="0" />
      <RootComponent type="36" id="{43bbd4ca-4b83-e711-80fa-3863bb3630a8}" behavior="0" />
      <RootComponent type="36" id="{44889bc7-d684-e711-80f9-3863bb3c0560}" behavior="0" />
      <RootComponent type="36" id="{44f8b878-d883-e711-80fa-3863bb3630a8}" behavior="0" />
      <RootComponent type="36" id="{4729b18f-4d83-e711-80fa-3863bb3630a8}" behavior="0" />
      <RootComponent type="36" id="{48491dc2-1b8d-e711-80fb-3863bb3c0560}" behavior="0" />
      <RootComponent type="36" id="{486b5091-d584-e711-80f9-3863bb3c0560}" behavior="0" />
      <RootComponent type="36" id="{48a23ee8-cb84-e711-80fa-3863bb3630a8}" behavior="0" />
      <RootComponent type="36" id="{4b5bdbba-d484-e711-80f9-3863bb3c0560}" behavior="0" />
      <RootComponent type="36" id="{4d688132-b884-e711-80fa-3863bb3630a8}" behavior="0" />
      <RootComponent type="36" id="{4ded8323-ab84-e711-80f8-3863bb3cc560}" behavior="0" />
      <RootComponent type="36" id="{4ea03f5a-d584-e711-80f9-3863bb3c0560}" behavior="0" />
      <RootComponent type="36" id="{4f7d46cd-0882-e711-80f9-3863bb3c0560}" behavior="0" />
      <RootComponent type="36" id="{4ff8b2a4-d084-e711-80fa-3863bb3630a8}" behavior="0" />
      <RootComponent type="36" id="{5087efb5-ca84-e711-80fa-3863bb3630a8}" behavior="0" />
      <RootComponent type="36" id="{51baa627-4883-e711-80fa-3863bb3630a8}" behavior="0" />
      <RootComponent type="36" id="{546bbc1a-0e40-e811-8117-5065f38ac911}" behavior="0" />
      <RootComponent type="36" id="{560158ac-d684-e711-80fa-3863bb3630a8}" behavior="0" />
      <RootComponent type="36" id="{56cf98d7-e983-e711-80fa-3863bb3630a8}" behavior="0" />
      <RootComponent type="36" id="{57104502-e683-e711-80fa-3863bb3630a8}" behavior="0" />
      <RootComponent type="36" id="{57a9dcd0-d584-e711-80f8-3863bb3cc560}" behavior="0" />
      <RootComponent type="36" id="{58505c20-bd84-e711-80fa-3863bb3630a8}" behavior="0" />
      <RootComponent type="36" id="{594887fb-ca84-e711-80fa-3863bb3630a8}" behavior="0" />
      <RootComponent type="36" id="{5a33c924-4383-e711-80fa-3863bb3630a8}" behavior="0" />
      <RootComponent type="36" id="{5bf2153b-cc84-e711-80fa-3863bb3630a8}" behavior="0" />
      <RootComponent type="36" id="{5c9b0eb4-c984-e711-80f8-3863bb3cc560}" behavior="0" />
      <RootComponent type="36" id="{5cfface5-4d83-e711-80fa-3863bb3630a8}" behavior="0" />
      <RootComponent type="36" id="{5f2ec157-4883-e711-80fa-3863bb3630a8}" behavior="0" />
      <RootComponent type="36" id="{613096d2-bd84-e711-80f8-3863bb3cc560}" behavior="0" />
      <RootComponent type="36" id="{6133bebb-d184-e711-80fa-3863bb3630a8}" behavior="0" />
      <RootComponent type="36" id="{613eb36b-4983-e711-80fa-3863bb3630a8}" behavior="0" />
      <RootComponent type="36" id="{62735699-cb84-e711-80fa-3863bb3630a8}" behavior="0" />
      <RootComponent type="36" id="{63351d7e-c984-e711-80f8-3863bb3cc560}" behavior="0" />
      <RootComponent type="36" id="{647cfea5-ce84-e711-80f8-3863bb3cc560}" behavior="0" />
      <RootComponent type="36" id="{64806b0e-3383-e711-80fa-3863bb3630a8}" behavior="0" />
      <RootComponent type="36" id="{658d2045-0c82-e711-80f9-3863bb3c0560}" behavior="0" />
      <RootComponent type="36" id="{670432fa-d884-e711-80f9-3863bb3c0560}" behavior="0" />
      <RootComponent type="36" id="{69757f22-b984-e711-80fa-3863bb3630a8}" behavior="0" />
      <RootComponent type="36" id="{6a13f5a1-e683-e711-80fa-3863bb3630a8}" behavior="0" />
      <RootComponent type="36" id="{6aedc74f-4c83-e711-80fa-3863bb3630a8}" behavior="0" />
      <RootComponent type="36" id="{6b224ba9-dc83-e711-80fa-3863bb3630a8}" behavior="0" />
      <RootComponent type="36" id="{6b46c516-4783-e711-80fa-3863bb3630a8}" behavior="0" />
      <RootComponent type="36" id="{6c1eb144-6e93-e711-8106-c4346bdc71f1}" behavior="0" />
      <RootComponent type="36" id="{6d54f91b-d684-e711-80f9-3863bb3c0560}" behavior="0" />
      <RootComponent type="36" id="{6df0dca1-4983-e711-80fa-3863bb3630a8}" behavior="0" />
      <RootComponent type="36" id="{6df601bb-208d-e711-80fb-3863bb3c0560}" behavior="0" />
      <RootComponent type="36" id="{6f105eb1-d883-e711-80fa-3863bb3630a8}" behavior="0" />
      <RootComponent type="36" id="{704a6239-bf84-e711-80fa-3863bb3630a8}" behavior="0" />
      <RootComponent type="36" id="{71e94135-e683-e711-80fa-3863bb3630a8}" behavior="0" />
      <RootComponent type="36" id="{74ece16e-3683-e711-80fa-3863bb3630a8}" behavior="0" />
      <RootComponent type="36" id="{7514e520-d684-e711-80f8-3863bb3cc560}" behavior="0" />
      <RootComponent type="36" id="{75830723-4a7d-e711-80f8-3863bb3c0560}" behavior="0" />
      <RootComponent type="36" id="{762fbf33-d684-e711-80fa-3863bb3630a8}" behavior="0" />
      <RootComponent type="36" id="{77b49f8f-d684-e711-80f9-3863bb3c0560}" behavior="0" />
      <RootComponent type="36" id="{78a41df8-db83-e711-80fa-3863bb3630a8}" behavior="0" />
      <RootComponent type="36" id="{7a57fc3b-2c93-e711-8106-c4346bdc71f1}" behavior="0" />
      <RootComponent type="36" id="{7a99c3cd-d384-e711-80f9-3863bb3c0560}" behavior="0" />
      <RootComponent type="36" id="{7b2ffb37-be84-e711-80fa-3863bb3630a8}" behavior="0" />
      <RootComponent type="36" id="{7c17df93-be84-e711-80fa-3863bb3630a8}" behavior="0" />
      <RootComponent type="36" id="{7c621e97-d884-e711-80f9-3863bb3c0560}" behavior="0" />
      <RootComponent type="36" id="{7ec040d6-e277-e711-80f8-3863bb3630a8}" behavior="0" />
      <RootComponent type="36" id="{7ec71e63-088d-e711-80fb-3863bb3c0560}" behavior="0" />
      <RootComponent type="36" id="{8028b8b8-bb84-e711-8110-3863bb351f08}" behavior="0" />
      <RootComponent type="36" id="{8065356d-3e86-e711-80fa-3863bb3630a8}" behavior="0" />
      <RootComponent type="36" id="{89075a00-d284-e711-80f9-3863bb3c0560}" behavior="0" />
      <RootComponent type="36" id="{89d72c87-d484-e711-80f9-3863bb3c0560}" behavior="0" />
      <RootComponent type="36" id="{8a9946fa-c984-e711-80f9-3863bb3c0560}" behavior="0" />
      <RootComponent type="36" id="{8b3b0159-d684-e711-80fa-3863bb3630a8}" behavior="0" />
      <RootComponent type="36" id="{8cc6f6da-e883-e711-80fa-3863bb3630a8}" behavior="0" />
      <RootComponent type="36" id="{8d89b19c-bd84-e711-80f8-3863bb3cc560}" behavior="0" />
      <RootComponent type="36" id="{8e22bd29-2583-e711-80fa-3863bb3630a8}" behavior="0" />
      <RootComponent type="36" id="{8e92b0bb-288d-e711-80fb-3863bb3c0560}" behavior="0" />
      <RootComponent type="36" id="{8f09ce23-a984-e711-80f8-3863bb3cc560}" behavior="0" />
      <RootComponent type="36" id="{8fa54f84-d684-e711-80fa-3863bb3630a8}" behavior="0" />
      <RootComponent type="36" id="{902b0913-4683-e711-80fa-3863bb3630a8}" behavior="0" />
      <RootComponent type="36" id="{9183c59a-e983-e711-80fa-3863bb3630a8}" behavior="0" />
      <RootComponent type="36" id="{92d97acd-df83-e711-80fa-3863bb3630a8}" behavior="0" />
      <RootComponent type="36" id="{9400d94f-cb84-e711-80fa-3863bb3630a8}" behavior="0" />
      <RootComponent type="36" id="{947a3f74-ba84-e711-80f8-3863bb3cc560}" behavior="0" />
      <RootComponent type="36" id="{94a87407-da83-e711-80fa-3863bb3630a8}" behavior="0" />
      <RootComponent type="36" id="{94e8747c-597d-e711-80f8-3863bb3c0560}" behavior="0" />
      <RootComponent type="36" id="{986bc257-cd84-e711-80f9-3863bb3c0560}" behavior="0" />
      <RootComponent type="36" id="{9bb6fb35-cc84-e711-80f8-3863bb3cc560}" behavior="0" />
      <RootComponent type="36" id="{9d84098d-0b82-e711-80f9-3863bb3c0560}" behavior="0" />
      <RootComponent type="36" id="{9df2a955-e983-e711-80fa-3863bb3630a8}" behavior="0" />
      <RootComponent type="36" id="{9e586bd4-ce84-e711-80fa-3863bb3630a8}" behavior="0" />
      <RootComponent type="36" id="{9ee70034-cb84-e711-80f9-3863bb3c0560}" behavior="0" />
      <RootComponent type="36" id="{a0bf1247-ce84-e711-80fa-3863bb3630a8}" behavior="0" />
      <RootComponent type="36" id="{a0e90f59-de83-e711-80fa-3863bb3630a8}" behavior="0" />
      <RootComponent type="36" id="{a2a24dc2-3683-e711-80fa-3863bb3630a8}" behavior="0" />
      <RootComponent type="36" id="{a31466c1-cb84-e711-80fa-3863bb3630a8}" behavior="0" />
      <RootComponent type="36" id="{a4dccb2c-e146-e811-8116-c4346bdc2241}" behavior="0" />
      <RootComponent type="36" id="{a544f882-188d-e711-80fb-3863bb3c0560}" behavior="0" />
      <RootComponent type="36" id="{a62aeb9e-4b83-e711-80fa-3863bb3630a8}" behavior="0" />
      <RootComponent type="36" id="{a6aa4e0e-cc84-e711-80fa-3863bb3630a8}" behavior="0" />
      <RootComponent type="36" id="{a7a347c8-0982-e711-80f9-3863bb3c0560}" behavior="0" />
      <RootComponent type="36" id="{a82bf53f-dd83-e711-80fa-3863bb3630a8}" behavior="0" />
      <RootComponent type="36" id="{a92db51d-c984-e711-80f8-3863bb3cc560}" behavior="0" />
      <RootComponent type="36" id="{aa177489-4c83-e711-80fa-3863bb3630a8}" behavior="0" />
      <RootComponent type="36" id="{ac370d70-d983-e711-80fa-3863bb3630a8}" behavior="0" />
      <RootComponent type="36" id="{ac389cf7-d284-e711-80fa-3863bb3630a8}" behavior="0" />
      <RootComponent type="36" id="{b105e7f8-cd84-e711-80fa-3863bb3630a8}" behavior="0" />
      <RootComponent type="36" id="{b1d45975-cf84-e711-80fa-3863bb3630a8}" behavior="0" />
      <RootComponent type="36" id="{b1eb1b3d-fe8c-e711-8112-3863bb351f08}" behavior="0" />
      <RootComponent type="36" id="{b1ef9a03-4983-e711-80fa-3863bb3630a8}" behavior="0" />
      <RootComponent type="36" id="{b21c854e-d484-e711-80f9-3863bb3c0560}" behavior="0" />
      <RootComponent type="36" id="{b2b51ff6-0b72-e711-80ee-3863bb353d80}" behavior="0" />
      <RootComponent type="36" id="{b36bef1e-d784-e711-80fa-3863bb3630a8}" behavior="0" />
      <RootComponent type="36" id="{b386854e-cf84-e711-80fa-3863bb3630a8}" behavior="0" />
      <RootComponent type="36" id="{b44136cc-e583-e711-80fa-3863bb3630a8}" behavior="0" />
      <RootComponent type="36" id="{b573a293-df83-e711-80fa-3863bb3630a8}" behavior="0" />
      <RootComponent type="36" id="{b5f741cd-4883-e711-80fa-3863bb3630a8}" behavior="0" />
      <RootComponent type="36" id="{b653b702-4d83-e711-80fa-3863bb3630a8}" behavior="0" />
      <RootComponent type="36" id="{b7f36678-2e9f-e711-8111-5065f38a0a81}" behavior="0" />
      <RootComponent type="36" id="{bb777f30-5881-e711-80fa-3863bb3630a8}" behavior="0" />
      <RootComponent type="36" id="{bc7d0270-cb84-e711-80fa-3863bb3630a8}" behavior="0" />
      <RootComponent type="36" id="{be1b1017-3783-e711-80fa-3863bb3630a8}" behavior="0" />
      <RootComponent type="36" id="{bf070539-cc84-e711-8110-3863bb351f08}" behavior="0" />
      <RootComponent type="36" id="{c2afd13f-2483-e711-80fa-3863bb3630a8}" behavior="0" />
      <RootComponent type="36" id="{c3ef7573-b884-e711-80f8-3863bb3cc560}" behavior="0" />
      <RootComponent type="36" id="{c7db6470-ba84-e711-80fa-3863bb3630a8}" behavior="0" />
      <RootComponent type="36" id="{c9c48640-eb83-e711-80fa-3863bb3630a8}" behavior="0" />
      <RootComponent type="36" id="{ca52f970-ce84-e711-80fa-3863bb3630a8}" behavior="0" />
      <RootComponent type="36" id="{cbd756ef-dc83-e711-80fa-3863bb3630a8}" behavior="0" />
      <RootComponent type="36" id="{cccabf57-d684-e711-80f9-3863bb3c0560}" behavior="0" />
      <RootComponent type="36" id="{cf4fb034-ce84-e711-80fa-3863bb3630a8}" behavior="0" />
      <RootComponent type="36" id="{d0bcfee0-d384-e711-80f8-3863bb3cc560}" behavior="0" />
      <RootComponent type="36" id="{d1bde6d1-ba84-e711-8110-3863bb351f08}" behavior="0" />
      <RootComponent type="36" id="{d30647e5-cd84-e711-80fa-3863bb3630a8}" behavior="0" />
      <RootComponent type="36" id="{d77ebad0-cb84-e711-80fa-3863bb3630a8}" behavior="0" />
      <RootComponent type="36" id="{daea41d2-bc84-e711-80fa-3863bb3630a8}" behavior="0" />
      <RootComponent type="36" id="{db483939-cfa3-e711-810a-5065f38a6b31}" behavior="0" />
      <RootComponent type="36" id="{dee6a471-168d-e711-80fb-3863bb3c0560}" behavior="0" />
      <RootComponent type="36" id="{dee8ab67-c984-e711-80fa-3863bb3630a8}" behavior="0" />
      <RootComponent type="36" id="{e170535f-df83-e711-80fa-3863bb3630a8}" behavior="0" />
      <RootComponent type="36" id="{e223b756-d184-e711-80fa-3863bb3630a8}" behavior="0" />
      <RootComponent type="36" id="{e336e68e-d184-e711-80fa-3863bb3630a8}" behavior="0" />
      <RootComponent type="36" id="{e4fcf7de-d184-e711-80fa-3863bb3630a8}" behavior="0" />
      <RootComponent type="36" id="{e53a43b1-4283-e711-80fa-3863bb3630a8}" behavior="0" />
      <RootComponent type="36" id="{e655eee0-d584-e711-80f9-3863bb3c0560}" behavior="0" />
      <RootComponent type="36" id="{e6b3e671-cd84-e711-8110-3863bb351f08}" behavior="0" />
      <RootComponent type="36" id="{e8dd79d4-5a81-e711-80fa-3863bb3630a8}" behavior="0" />
      <RootComponent type="36" id="{e981e228-df83-e711-80fa-3863bb3630a8}" behavior="0" />
      <RootComponent type="36" id="{e99ce5cd-d784-e711-80f8-3863bb3cc560}" behavior="0" />
      <RootComponent type="36" id="{ebcaf479-2483-e711-80fa-3863bb3630a8}" behavior="0" />
      <RootComponent type="36" id="{edaf8447-c084-e711-80fa-3863bb3630a8}" behavior="0" />
      <RootComponent type="36" id="{ee4318a9-c41a-e811-8108-3863bb2bca60}" behavior="0" />
      <RootComponent type="36" id="{ee4df12b-6493-e711-8106-c4346bdc71f1}" behavior="0" />
      <RootComponent type="36" id="{f1ecd900-d784-e711-80f9-3863bb3c0560}" behavior="0" />
      <RootComponent type="36" id="{f340e08f-d484-e711-80f8-3863bb3cc560}" behavior="0" />
      <RootComponent type="36" id="{f3c73972-b884-e711-80fa-3863bb3630a8}" behavior="0" />
      <RootComponent type="36" id="{f4519dc9-4783-e711-80fa-3863bb3630a8}" behavior="0" />
      <RootComponent type="36" id="{f59737ca-cc84-e711-8110-3863bb351f08}" behavior="0" />
      <RootComponent type="36" id="{f7ea9af4-bd84-e711-80fa-3863bb3630a8}" behavior="0" />
      <RootComponent type="36" id="{f8d18576-4e83-e711-80fa-3863bb3630a8}" behavior="0" />
      <RootComponent type="36" id="{fa5f32ff-cb84-e711-80f9-3863bb3c0560}" behavior="0" />
      <RootComponent type="36" id="{fc266e14-d484-e711-80f9-3863bb3c0560}" behavior="0" />
      <RootComponent type="36" id="{fca707d1-dd83-e711-80fa-3863bb3630a8}" behavior="0" />
      <RootComponent type="36" id="{fcc7ed38-d284-e711-80fa-3863bb3630a8}" behavior="0" />
      <RootComponent type="36" id="{fd483ca2-078d-e711-80fb-3863bb3c0560}" behavior="0" />
      <RootComponent type="36" id="{fde69dcb-4c83-e711-80fa-3863bb3630a8}" behavior="0" />
      <RootComponent type="36" id="{fe02604f-d304-e711-80dd-3863bb35ed38}" behavior="0" />
      <RootComponent type="36" id="{fe75a144-dc83-e711-80fa-3863bb3630a8}" behavior="0" />
      <RootComponent type="50" schemaName=":RibbonDiffXml" behavior="0" />
      <RootComponent type="60" id="{0bd832d5-9d6a-456d-bdc1-21129e82cc0f}" behavior="0" />
      <RootComponent type="60" id="{0d1e47ff-12b2-4f53-9090-bee951b98cb4}" behavior="0" />
      <RootComponent type="60" id="{0eb80201-0494-400b-bfbb-8a9d30402fe4}" behavior="0" />
      <RootComponent type="60" id="{0f3a07e2-6d5f-4305-9edb-4f2df629dda3}" behavior="0" />
      <RootComponent type="60" id="{12ae25f7-7247-e711-80e4-3863bb2e0320}" behavior="0" />
      <RootComponent type="60" id="{1fed44d1-ae68-4a41-bd2b-f13acac4acfa}" behavior="0" />
      <RootComponent type="60" id="{29de27bc-a257-4f29-99cf-bab4a84e688f}" behavior="0" />
      <RootComponent type="60" id="{2b9761a0-7ad1-47a6-8d49-ca900d131b7f}" behavior="0" />
      <RootComponent type="60" id="{2f009388-1355-49b1-be65-4345f7f42bef}" behavior="0" />
      <RootComponent type="60" id="{30e5acd2-2c8d-e711-80f4-3863bb35ed38}" behavior="0" />
      <RootComponent type="60" id="{36cc830c-eeab-4a89-a7c9-da2ac6c451a1}" behavior="0" />
      <RootComponent type="60" id="{38b56efc-444c-e711-80e4-3863bb2e0320}" behavior="0" />
      <RootComponent type="60" id="{3fb651a5-cdbf-46c9-87fb-d2c748662bb8}" behavior="0" />
      <RootComponent type="60" id="{49851970-444c-e711-80e4-3863bb2e0320}" behavior="0" />
      <RootComponent type="60" id="{49d8a1f2-57a1-411e-8605-4a749f52bc87}" behavior="0" />
      <RootComponent type="60" id="{4a63c8d1-6c1e-48ec-9db4-3e6c7155334c}" behavior="0" />
      <RootComponent type="60" id="{59c2063c-c0e9-4232-9aa8-bc191917be8c}" behavior="0" />
      <RootComponent type="60" id="{59e6500d-11e6-418e-a717-9b53729fa7f8}" behavior="0" />
      <RootComponent type="60" id="{661157fe-2fc9-4eaa-835f-5bfa2f7b64f7}" behavior="0" />
      <RootComponent type="60" id="{707fc57b-c5e6-471b-a180-e37ed28a38e2}" behavior="0" />
      <RootComponent type="60" id="{70ad8b15-e3f3-4d7d-9e4b-16cb4e51b484}" behavior="0" />
      <RootComponent type="60" id="{72fb7583-02b0-477d-877b-2516031d8a07}" />
      <RootComponent type="60" id="{79ed1260-3220-e711-80de-3863bb2e0320}" behavior="0" />
      <RootComponent type="60" id="{7aa5d726-7347-e711-80e4-3863bb2e0320}" behavior="0" />
      <RootComponent type="60" id="{7bb87dfd-ec3e-4ed9-8e3e-5725d3067295}" behavior="0" />
      <RootComponent type="60" id="{85d028dd-057e-43dc-841a-66f8f54dab2c}" behavior="0" />
      <RootComponent type="60" id="{86fac72a-d2bd-43f6-bb81-17601a2db300}" behavior="0" />
      <RootComponent type="60" id="{8967413a-4a56-e711-80eb-3863bb35ed38}" behavior="0" />
      <RootComponent type="60" id="{8e10b902-0b3e-441c-8b12-88e6c1793848}" behavior="0" />
      <RootComponent type="60" id="{8ed8553f-b520-4fe3-b2e7-59eef8301486}" behavior="0" />
      <RootComponent type="60" id="{94768b8f-0760-41b8-b752-ecaf76371293}" behavior="0" />
      <RootComponent type="60" id="{abeeeac9-6240-4974-a8a7-ef939031f310}" behavior="0" />
      <RootComponent type="60" id="{bb5964a1-611a-4510-8992-6269b9b2a96b}" behavior="0" />
      <RootComponent type="60" id="{bc0f68dd-a4b1-4a8f-bed3-c8f5db2f89cf}" behavior="0" />
      <RootComponent type="60" id="{bdb0ae1c-32fa-4374-b637-8dafe107bc44}" behavior="0" />
      <RootComponent type="60" id="{bfbedc59-fae1-4625-ade3-bf3198595323}" behavior="0" />
      <RootComponent type="60" id="{c9a4be57-434c-e711-80e4-3863bb2e0320}" behavior="0" />
      <RootComponent type="60" id="{cc760212-3eab-4009-b5c3-ea9cf6f3e141}" behavior="0" />
      <RootComponent type="60" id="{d6190b35-9474-4098-9698-33f6627eb3bf}" behavior="0" />
      <RootComponent type="60" id="{d85673fd-814b-e711-80e9-3863bb35ed38}" behavior="0" />
      <RootComponent type="60" id="{d880c3cf-80e2-42f3-82f9-24d040d09f17}" behavior="0" />
      <RootComponent type="60" id="{dca38122-c52c-48bd-9b89-24c36dc73a1a}" behavior="0" />
      <RootComponent type="60" id="{df36512c-5d69-4476-8c2d-4c17550ca3b1}" behavior="0" />
      <RootComponent type="60" id="{e28426e9-434c-e711-80e4-3863bb2e0320}" behavior="0" />
      <RootComponent type="60" id="{e8f97346-4f58-47de-964f-cbd64a52011b}" behavior="0" />
      <RootComponent type="60" id="{eb3748b8-5f90-4050-a039-8b7d279ad8fe}" behavior="0" />
      <RootComponent type="60" id="{f3b707fb-3b5f-45f9-9c6b-5e573bb5d19e}" behavior="0" />
      <RootComponent type="60" id="{fdf0991c-2344-47bb-93f0-3f32105d64c2}" behavior="0" />
      <RootComponent type="61" schemaName="mims_/Scripts/BPFStageLibrary.js" behavior="0" />
      <RootComponent type="61" schemaName="mims_/Scripts/CaseDocumentsLibrary.js" behavior="0" />
      <RootComponent type="61" schemaName="mims_/Scripts/CaseLibrary.js" behavior="0" />
      <RootComponent type="61" schemaName="mims_/Scripts/CaseStepsLibrary.js" behavior="0" />
      <RootComponent type="61" schemaName="mims_/Scripts/CaseTemplateLibrary.js" behavior="0" />
      <RootComponent type="61" schemaName="mims_/Scripts/ContactLibrary.js" behavior="0" />
      <RootComponent type="61" schemaName="mims_/Scripts/DatamallLibrary.js" behavior="0" />
      <RootComponent type="61" schemaName="mims_/Scripts/DocumentsCommon.js" behavior="0" />
      <RootComponent type="61" schemaName="mims_/Scripts/DocumentsConfig.js" behavior="0" />
      <RootComponent type="61" schemaName="mims_/Scripts/EducationHistoryLibrary.js" behavior="0" />
      <RootComponent type="61" schemaName="mims_/Scripts/EmployeeDocuments.js" behavior="0" />
      <RootComponent type="61" schemaName="mims_/Scripts/FormsCommon.js" behavior="0" />
      <RootComponent type="61" schemaName="mims_/Scripts/FormsCommonLibrary.js" behavior="0" />
      <RootComponent type="61" schemaName="mims_/Scripts/FormsHTMLCommon.js" behavior="0" />
      <RootComponent type="61" schemaName="mims_/Scripts/G28.js" behavior="0" />
      <RootComponent type="61" schemaName="mims_/Scripts/G28PubMay18.js" behavior="0" />
      <RootComponent type="61" schemaName="mims_/Scripts/I129.js" behavior="0" />
      <RootComponent type="61" schemaName="mims_/Scripts/I129dc.js" behavior="0" />
      <RootComponent type="61" schemaName="mims_/Scripts/I129H.js" behavior="0" />
      <RootComponent type="61" schemaName="mims_/Scripts/I129L.js" behavior="0" />
      <RootComponent type="61" schemaName="mims_/Scripts/I129S.js" behavior="0" />
      <RootComponent type="61" schemaName="mims_/Scripts/I131.js" behavior="0" />
      <RootComponent type="61" schemaName="mims_/Scripts/I140.js" behavior="0" />
      <RootComponent type="61" schemaName="mims_/Scripts/I140PubMay18.js" behavior="0" />
      <RootComponent type="61" schemaName="mims_/Scripts/I485.js" behavior="0" />
      <RootComponent type="61" schemaName="mims_/Scripts/I485JPubJun17.js" behavior="0" />
      <RootComponent type="61" schemaName="mims_/Scripts/I539.js" behavior="0" />
      <RootComponent type="61" schemaName="mims_/Scripts/I751.js" behavior="0" />
      <RootComponent type="61" schemaName="mims_/Scripts/I765.js" behavior="0" />
      <RootComponent type="61" schemaName="mims_/Scripts/I765PubJul17.js" behavior="0" />
      <RootComponent type="61" schemaName="mims_/Scripts/I765PubMay18.js" behavior="0" />
      <RootComponent type="61" schemaName="mims_/Scripts/I824.js" behavior="0" />
      <RootComponent type="61" schemaName="mims_/Scripts/I824PubNov17.js" behavior="0" />
      <RootComponent type="61" schemaName="mims_/Scripts/I90.js" behavior="0" />
      <RootComponent type="61" schemaName="mims_/Scripts/I907.js" behavior="0" />
      <RootComponent type="61" schemaName="mims_/Scripts/I907JPubApr18.js" behavior="0" />
      <RootComponent type="61" schemaName="mims_/Scripts/I983.js" behavior="0" />
      <RootComponent type="61" schemaName="mims_/Scripts/ImmigrationDates.js" behavior="0" />
      <RootComponent type="61" schemaName="mims_/Scripts/Jquery1.9.1" behavior="0" />
      <RootComponent type="61" schemaName="mims_/scripts/masterforms.js" behavior="0" />
      <RootComponent type="61" schemaName="mims_/scripts/OpenEmailFromTemplate" behavior="0" />
      <RootComponent type="61" schemaName="mims_/Scripts/QuestionnaireLibrary.js" behavior="0" />
      <RootComponent type="61" schemaName="mims_/Scripts/TaskLibrary.js" behavior="0" />
      <RootComponent type="61" schemaName="mims_/Scripts/UserLibrary" behavior="0" />
      <RootComponent type="61" schemaName="mims_/Scritps/BPFLibrary.js" behavior="0" />
      <RootComponent type="61" schemaName="mims_AddCaseType" behavior="0" />
      <RootComponent type="61" schemaName="mims_Alert" behavior="0" />
      <RootComponent type="61" schemaName="mims_Alert32" behavior="0" />
      <RootComponent type="61" schemaName="mims_arrow" behavior="0" />
      <RootComponent type="61" schemaName="mims_CaseDocHtml" behavior="0" />
      <RootComponent type="61" schemaName="mims_CaseDocsUrl" behavior="0" />
      <RootComponent type="61" schemaName="mims_CaseLetters" behavior="0" />
      <RootComponent type="61" schemaName="mims_DownloadZipFiles" behavior="0" />
      <RootComponent type="61" schemaName="mims_email_form.js" behavior="0" />
      <RootComponent type="61" schemaName="mims_EnableDisablewebpage" behavior="0" />
      <RootComponent type="61" schemaName="mims_executereopenqualityticketaction.js" behavior="0" />
      <RootComponent type="61" schemaName="mims_FEDEX" behavior="0" />
      <RootComponent type="61" schemaName="mims_fedexlabel" behavior="0" />
      <RootComponent type="61" schemaName="mims_fedextrackinglink" behavior="0" />
      <RootComponent type="61" schemaName="mims_G28Html" behavior="0" />
      <RootComponent type="61" schemaName="mims_G28PubMay2018Html" behavior="0" />
      <RootComponent type="61" schemaName="mims_GenerateCaseLetters16" behavior="0" />
      <RootComponent type="61" schemaName="mims_GenerateCaseLetters32" behavior="0" />
      <RootComponent type="61" schemaName="mims_I129DCHtml" behavior="0" />
      <RootComponent type="61" schemaName="mims_i129hHtml" behavior="0" />
      <RootComponent type="61" schemaName="mims_I129Html" behavior="0" />
      <RootComponent type="61" schemaName="mims_I129LHtml" behavior="0" />
      <RootComponent type="61" schemaName="mims_I129SHtml" behavior="0" />
      <RootComponent type="61" schemaName="mims_I131Html" behavior="0" />
      <RootComponent type="61" schemaName="mims_I140Html" behavior="0" />
      <RootComponent type="61" schemaName="mims_I140PubMay2018Html" behavior="0" />
      <RootComponent type="61" schemaName="mims_I1765PubJul17Html" behavior="0" />
      <RootComponent type="61" schemaName="mims_I485Html" behavior="0" />
      <RootComponent type="61" schemaName="mims_I485JPubDec132017Html" behavior="0" />
      <RootComponent type="61" schemaName="mims_I485JPubJun262017Html" behavior="0" />
      <RootComponent type="61" schemaName="mims_I485PubJan18HTML" behavior="0" />
      <RootComponent type="61" schemaName="mims_I539Html" behavior="0" />
      <RootComponent type="61" schemaName="mims_I751Html" behavior="0" />
      <RootComponent type="61" schemaName="mims_I751HtmlPubMay17" behavior="0" />
      <RootComponent type="61" schemaName="mims_I765Html" behavior="0" />
      <RootComponent type="61" schemaName="mims_I765PubMay2018Html" behavior="0" />
      <RootComponent type="61" schemaName="mims_I824Html" behavior="0" />
      <RootComponent type="61" schemaName="mims_I824HtmlPubNov17" behavior="0" />
      <RootComponent type="61" schemaName="mims_I907Html" behavior="0" />
      <RootComponent type="61" schemaName="mims_I907PubNov2018Html" behavior="0" />
      <RootComponent type="61" schemaName="mims_I90Html" behavior="0" />
      <RootComponent type="61" schemaName="mims_I983Html" behavior="0" />
      <RootComponent type="61" schemaName="mims_Icon_BulkRequestContact16x16" behavior="0" />
      <RootComponent type="61" schemaName="mims_Icon_BulkRequestContact32x32" behavior="0" />
      <RootComponent type="61" schemaName="mims_Icon_Case16x16" behavior="0" />
      <RootComponent type="61" schemaName="mims_Icon_CaseType16x16" behavior="0" />
      <RootComponent type="61" schemaName="mims_Icon_CaseType32x32" behavior="0" />
      <RootComponent type="61" schemaName="mims_Icon_Categories16x16" behavior="0" />
      <RootComponent type="61" schemaName="mims_Icon_Categories32x32" behavior="0" />
      <RootComponent type="61" schemaName="mims_Icon_Configurations16x16" behavior="0" />
      <RootComponent type="61" schemaName="mims_Icon_Configurations32x32" behavior="0" />
      <RootComponent type="61" schemaName="mims_Icon_Countries16x16" behavior="0" />
      <RootComponent type="61" schemaName="mims_Icon_Countries32x32" behavior="0" />
      <RootComponent type="61" schemaName="mims_Icon_Email16x16" behavior="0" />
      <RootComponent type="61" schemaName="mims_Icon_EnableBusinessProcess16x16" behavior="0" />
      <RootComponent type="61" schemaName="mims_Icon_EnableBusinessProcess32x32" behavior="0" />
      <RootComponent type="61" schemaName="mims_Icon_ExportControlCountryList16x16" behavior="0" />
      <RootComponent type="61" schemaName="mims_Icon_ExportControlCountryList32x32" behavior="0" />
      <RootComponent type="61" schemaName="mims_Icon_HolidayCalendar16x16" behavior="0" />
      <RootComponent type="61" schemaName="mims_Icon_HolidayCalendar32x32" behavior="0" />
      <RootComponent type="61" schemaName="mims_Icon_IntegrationsConfigurations16x16" behavior="0" />
      <RootComponent type="61" schemaName="mims_Icon_IntegrationsConfigurations32x32" behavior="0" />
      <RootComponent type="61" schemaName="mims_Icon_MasterAttorneyConfigurations16x16" behavior="0" />
      <RootComponent type="61" schemaName="mims_Icon_MasterAttorneyConfigurations32x32" behavior="0" />
      <RootComponent type="61" schemaName="mims_Icon_MasterCaseConfigurations16x16" behavior="0" />
      <RootComponent type="61" schemaName="mims_Icon_MasterCaseConfigurations32x32" behavior="0" />
      <RootComponent type="61" schemaName="mims_Icon_MasterDocuments16x16" behavior="0" />
      <RootComponent type="61" schemaName="mims_Icon_MasterDocuments32x32" behavior="0" />
      <RootComponent type="61" schemaName="mims_Icon_MasterForms16x16" behavior="0" />
      <RootComponent type="61" schemaName="mims_Icon_MasterForms32x32" behavior="0" />
      <RootComponent type="61" schemaName="mims_Icon_MasterLetter32x32" behavior="0" />
      <RootComponent type="61" schemaName="mims_Icon_MasterLetters16x16" behavior="0" />
      <RootComponent type="61" schemaName="mims_Icon_MasterSteps16x16" behavior="0" />
      <RootComponent type="61" schemaName="mims_Icon_MasterSteps32x32" behavior="0" />
      <RootComponent type="61" schemaName="mims_Icon_MIMSAddress16x16" behavior="0" />
      <RootComponent type="61" schemaName="mims_Icon_MIMSAddress32x32" behavior="0" />
      <RootComponent type="61" schemaName="mims_Icon_PREVIEWPRINT16x16" behavior="0" />
      <RootComponent type="61" schemaName="mims_Icon_Questionnaire16x16" behavior="0" />
      <RootComponent type="61" schemaName="mims_Icon_Questionnaire32x32" behavior="0" />
      <RootComponent type="61" schemaName="mims_Icon_QuestionnaireConfigurations16x16" behavior="0" />
      <RootComponent type="61" schemaName="mims_Icon_QuestionnaireConfigurations32x32" behavior="0" />
      <RootComponent type="61" schemaName="mims_Icon_QuestionnaireEligibleCategories16x16" behavior="0" />
      <RootComponent type="61" schemaName="mims_Icon_QuestionnaireEligibleCategories32x32" behavior="0" />
      <RootComponent type="61" schemaName="mims_Icon_QuestionnaireMiscelleneousInformation16x16" behavior="0" />
      <RootComponent type="61" schemaName="mims_Icon_QuestionnaireMiscelleneousInformation32x32" behavior="0" />
      <RootComponent type="61" schemaName="mims_Icon_RequestAdminConfigurableRules16x16" behavior="0" />
      <RootComponent type="61" schemaName="mims_Icon_RequestAdminConfigurableRules32x32" behavior="0" />
      <RootComponent type="61" schemaName="mims_Icon_RequestCategories16x16" behavior="0" />
      <RootComponent type="61" schemaName="mims_Icon_RequestCategories32x32" behavior="0" />
      <RootComponent type="61" schemaName="mims_Icon_RequestSLAConfiguration16x16" behavior="0" />
      <RootComponent type="61" schemaName="mims_Icon_RequestSLAConfiguration32x32" behavior="0" />
      <RootComponent type="61" schemaName="mims_Icon_RequestSubCategories16x16" behavior="0" />
      <RootComponent type="61" schemaName="mims_Icon_RequestSubCategories32x32" behavior="0" />
      <RootComponent type="61" schemaName="mims_Icon_Tags16x16" behavior="0" />
      <RootComponent type="61" schemaName="mims_Icon_Tags32x32" behavior="0" />
      <RootComponent type="61" schemaName="mims_Icon_Task16x16" behavior="0" />
      <RootComponent type="61" schemaName="mims_Icon_USEmbassies16x16" behavior="0" />
      <RootComponent type="61" schemaName="mims_Icon_USEmbassies32x32" behavior="0" />
      <RootComponent type="61" schemaName="mims_jquery.js" behavior="0" />
      <RootComponent type="61" schemaName="mims_jquery1.js" behavior="0" />
      <RootComponent type="61" schemaName="mims_jszip.min.js" behavior="0" />
      <RootComponent type="61" schemaName="mims_logo" behavior="0" />
      <RootComponent type="61" schemaName="mims_microsoftlogo" behavior="0" />
      <RootComponent type="61" schemaName="mims_MIcrosoftLogoImg" behavior="0" />
      <RootComponent type="61" schemaName="mims_mslogo" behavior="0" />
      <RootComponent type="61" schemaName="mims_OpenFEDEX" behavior="0" />
      <RootComponent type="61" schemaName="mims_OtherFormsLibrary.js" behavior="0" />
      <RootComponent type="61" schemaName="mims_preconfiguredurls" behavior="0" />
      <RootComponent type="61" schemaName="mims_preview" behavior="0" />
      <RootComponent type="61" schemaName="mims_previewdocuments" behavior="0" />
      <RootComponent type="61" schemaName="mims_printdocument" behavior="0" />
      <RootComponent type="61" schemaName="mims_QRCodeGenerator" behavior="0" />
      <RootComponent type="61" schemaName="mims_QRCODELibrary.js" behavior="0" />
      <RootComponent type="61" schemaName="mims_QTDisputeCheckboxSelection.js" behavior="0" />
      <RootComponent type="61" schemaName="mims_qualityticket.xml" behavior="0" />
      <RootComponent type="61" schemaName="mims_QualityTicketAutoPopulateValues.js" behavior="0" />
      <RootComponent type="61" schemaName="mims_QualityTicketCaseLegalGroup.js" behavior="0" />
      <RootComponent type="61" schemaName="mims_QualityTicketDependentOptionSetConfig.js" behavior="0" />
      <RootComponent type="61" schemaName="mims_QualityTracker16" behavior="0" />
      <RootComponent type="61" schemaName="mims_QualityTracker32" behavior="0" />
      <RootComponent type="61" schemaName="mims_questionareconfig.js" behavior="0" />
      <RootComponent type="61" schemaName="mims_QuestionnaireForm.js" behavior="0" />
      <RootComponent type="61" schemaName="mims_QuestionnaireLabels" behavior="0" />
      <RootComponent type="61" schemaName="mims_RequestJS" behavior="0" />
      <RootComponent type="61" schemaName="mims_SDK.DependentOptionSetSample.js" behavior="0" />
      <RootComponent type="61" schemaName="mims_SelectMasterCaseSteps" behavior="0" />
      <RootComponent type="61" schemaName="mims_SendQuestionnaireWebResource" behavior="0" />
      <RootComponent type="61" schemaName="mims_SetCloseOnDate" behavior="0" />
      <RootComponent type="61" schemaName="mims_telemetry" behavior="0" />
      <RootComponent type="61" schemaName="mims_TimerColour" behavior="0" />
      <RootComponent type="61" schemaName="mims_USCISCaseStatusHyperlink" behavior="0" />
      <RootComponent type="61" schemaName="mims_USCISStatus" behavior="0" />
      <RootComponent type="61" schemaName="mims_XrmServiceToolkit.js" behavior="0" />
      <RootComponent type="61" schemaName="msdyn_EmailTemplate" behavior="0" />
      <RootComponent type="61" schemaName="msdyn_Jquery_highlight" behavior="0" />
      <RootComponent type="62" behavior="0" />
      <RootComponent type="70" id="{1b300bce-ac5d-e711-80ee-3863bb35ed38}" behavior="0" />
      <RootComponent type="70" id="{aedb5083-53cf-e711-8103-3863bb35ed38}" behavior="0" />
      <RootComponent type="70" id="{b1dbdc04-73f4-e711-8104-3863bb353d80}" behavior="0" />
      <RootComponent type="70" id="{ef39c3dd-604c-e711-80e4-3863bb2e0320}" behavior="0" />
      <RootComponent type="91" id="{4d4f2585-a94f-408f-b37c-26b1ddb6dd68}" schemaName="Microsoft.IT.CCRM.MIMS.DMWorkflow, Version=1.0.0.0, Culture=neutral, PublicKeyToken=3a015cbcca83edff" behavior="0" />
      <RootComponent type="91" id="{cb922136-1b34-4de1-b8b5-800416d340b2}" schemaName="Microsoft.IT.CCRM.MIMS.Integrations, Version=1.0.0.0, Culture=neutral, PublicKeyToken=75e6d0f169d2338b" behavior="0" />
      <RootComponent type="91" id="{70a21ce5-cf56-46b5-81a0-01b63d81aecf}" schemaName="Microsoft.IT.CCRM.MIMS.Plugins, Version=1.0.0.0, Culture=neutral, PublicKeyToken=6519a7958c9177b9" behavior="0" />
      <RootComponent type="91" id="{456d7cde-d4f1-4c29-a71a-b41783227436}" schemaName="Microsoft.IT.CCRM.MIMS.Workflows, Version=1.0.0.0, Culture=neutral, PublicKeyToken=1ff11d1cf9a91642" behavior="0" />
      <RootComponent type="92" id="{007febd1-3b4c-e711-80e9-3863bb353d80}" behavior="0" />
      <RootComponent type="92" id="{0131b7d6-cf6f-e811-a95e-000d3a30d7c8}" behavior="0" />
      <RootComponent type="92" id="{013f9b60-0deb-e711-8104-3863bb353d80}" behavior="0" />
      <RootComponent type="92" id="{016c8553-c05d-e811-811f-3863bb2e0320}" behavior="0" />
      <RootComponent type="92" id="{02ad5953-e362-e711-80ee-3863bb35ed38}" behavior="0" />
      <RootComponent type="92" id="{039af44e-8a5d-e711-80e9-3863bb2bca60}" behavior="0" />
      <RootComponent type="92" id="{04053864-c77e-e811-a95f-000d3a30da4f}" behavior="0" />
      <RootComponent type="92" id="{0583844f-1116-e711-80e2-3863bb35ed38}" behavior="0" />
      <RootComponent type="92" id="{071ce043-1ec9-e711-80fc-3863bb2bca60}" behavior="0" />
      <RootComponent type="92" id="{073372f4-ab88-e711-80f1-3863bb353d80}" behavior="0" />
      <RootComponent type="92" id="{07c7a12b-7399-e811-a965-000d3a30da4f}" behavior="0" />
      <RootComponent type="92" id="{0951b1cd-b9d8-e611-80fd-3863bb2b8bc8}" behavior="0" />
      <RootComponent type="92" id="{0ebf5119-a44a-e711-80e9-3863bb353d80}" behavior="0" />
      <RootComponent type="92" id="{0fe0c570-7499-e811-a967-000d3a30dc28}" behavior="0" />
      <RootComponent type="92" id="{1229278e-7399-e811-a96b-000d3a30da56}" behavior="0" />
      <RootComponent type="92" id="{13e6bec6-53fb-e711-8103-3863bb2bca60}" behavior="0" />
      <RootComponent type="92" id="{146b255f-b2cd-e711-8102-3863bb35ed38}" behavior="0" />
      <RootComponent type="92" id="{14916908-a629-e811-8112-3863bb35ed38}" behavior="0" />
      <RootComponent type="92" id="{14cd961a-7399-e811-a96b-000d3a30da56}" behavior="0" />
      <RootComponent type="92" id="{19743d7b-f096-e711-80ef-3863bb2e0320}" behavior="0" />
      <RootComponent type="92" id="{1a5b2c75-1ec9-e711-80fc-3863bb2bca60}" behavior="0" />
      <RootComponent type="92" id="{1c38ff83-17d3-e611-80fa-3863bb2e92b0}" behavior="0" />
      <RootComponent type="92" id="{1d1f7dbe-86b5-e711-80fb-3863bb353d80}" behavior="0" />
      <RootComponent type="92" id="{1d52129e-c3a9-e711-80f8-3863bb353d80}" behavior="0" />
      <RootComponent type="92" id="{1fbe7961-0534-e711-80e6-3863bb35ed38}" behavior="0" />
      <RootComponent type="92" id="{20452b88-af54-e711-80e6-3863bb2bca60}" behavior="0" />
      <RootComponent type="92" id="{22fca1f9-2324-e711-80e0-3863bb2e0320}" behavior="0" />
      <RootComponent type="92" id="{23662d7f-0534-e711-80e6-3863bb35ed38}" behavior="0" />
      <RootComponent type="92" id="{23b931fc-833d-e811-8111-3863bb2e0320}" behavior="0" />
      <RootComponent type="92" id="{2661b05b-7399-e811-a962-000d3a30d104}" behavior="0" />
      <RootComponent type="92" id="{29255d11-2da8-e711-80f9-3863bb35ed38}" behavior="0" />
      <RootComponent type="92" id="{2ac99fcf-ff19-e711-80de-3863bb2e0320}" behavior="0" />
      <RootComponent type="92" id="{304b46ce-0067-e711-80ee-3863bb35ed38}" behavior="0" />
      <RootComponent type="92" id="{3440a34a-1dc9-e711-80fc-3863bb2bca60}" behavior="0" />
      <RootComponent type="92" id="{355338b2-55b9-e711-80f7-3863bb2e0320}" behavior="0" />
      <RootComponent type="92" id="{35a1d3f2-704f-e711-80e9-3863bb35ed38}" behavior="0" />
      <RootComponent type="92" id="{39bccf87-7499-e811-a967-000d3a30dc28}" behavior="0" />
      <RootComponent type="92" id="{3db198c4-fe2c-e811-8115-3863bb35ed38}" behavior="0" />
      <RootComponent type="92" id="{4127dfd3-7399-e811-a962-000d3a30d104}" behavior="0" />
      <RootComponent type="92" id="{42f3dee2-833d-e811-8111-3863bb2e0320}" behavior="0" />
      <RootComponent type="92" id="{43680abb-5739-e711-80e6-3863bb35ed38}" behavior="0" />
      <RootComponent type="92" id="{44499888-f666-e711-80e9-3863bb2bca60}" behavior="0" />
      <RootComponent type="92" id="{4a977326-5a41-e811-8119-3863bb353d80}" behavior="0" />
      <RootComponent type="92" id="{4b023bc6-7299-e811-a967-000d3a30dc28}" behavior="0" />
      <RootComponent type="92" id="{50155a22-f965-e711-80e8-3863bb2e0320}" behavior="0" />
      <RootComponent type="92" id="{50b31b93-9f88-e711-80ed-3863bb2bca60}" behavior="0" />
      <RootComponent type="92" id="{54146869-19d3-e611-80fa-3863bb35ef70}" behavior="0" />
      <RootComponent type="92" id="{55bb769b-7399-e811-a965-000d3a30da4f}" behavior="0" />
      <RootComponent type="92" id="{55d4f6a7-17d3-e611-80fa-3863bb2e92b0}" behavior="0" />
      <RootComponent type="92" id="{5778eb8e-7299-e811-a967-000d3a30dc28}" behavior="0" />
      <RootComponent type="92" id="{59993add-1dc9-e711-80fc-3863bb2bca60}" behavior="0" />
      <RootComponent type="92" id="{5a9a39a8-0345-e711-80e9-3863bb35ed38}" behavior="0" />
      <RootComponent type="92" id="{5c14eb31-047a-e811-a95e-000d3a30da56}" behavior="0" />
      <RootComponent type="92" id="{5c2e7abf-9f88-e711-80ed-3863bb2bca60}" behavior="0" />
      <RootComponent type="92" id="{5e46658e-1dc9-e711-80fc-3863bb2bca60}" behavior="0" />
      <RootComponent type="92" id="{5f1d7e99-5023-e711-80e2-3863bb353d80}" behavior="0" />
      <RootComponent type="92" id="{5f315679-8927-e811-8111-3863bb35ed38}" behavior="0" />
      <RootComponent type="92" id="{60f21b06-d06f-e811-a95b-000d3a30dc28}" behavior="0" />
      <RootComponent type="92" id="{615609bf-1b43-e811-8119-3863bb353d80}" behavior="0" />
      <RootComponent type="92" id="{61a3f1e0-40c8-e711-80fb-3863bb2e0320}" behavior="0" />
      <RootComponent type="92" id="{65812cc1-19d3-e611-80fa-3863bb35ef70}" behavior="0" />
      <RootComponent type="92" id="{66e42768-7399-e811-a965-000d3a30da4f}" behavior="0" />
      <RootComponent type="92" id="{6865cbd4-9e88-e711-80f3-3863bb35ed38}" behavior="0" />
      <RootComponent type="92" id="{6931504e-7231-e711-80e5-3863bb353d80}" behavior="0" />
      <RootComponent type="92" id="{6971730a-1dc9-e711-80fc-3863bb2bca60}" behavior="0" />
      <RootComponent type="92" id="{6d6425e2-7399-e811-a962-000d3a30d104}" behavior="0" />
      <RootComponent type="92" id="{706d11ab-5739-e711-80e6-3863bb35ed38}" behavior="0" />
      <RootComponent type="92" id="{73f35296-19d3-e611-80fa-3863bb35ef70}" behavior="0" />
      <RootComponent type="92" id="{74a5b974-1dc9-e711-80fc-3863bb2bca60}" behavior="0" />
      <RootComponent type="92" id="{7aa80d98-7499-e811-a968-000d3a30dc0a}" behavior="0" />
      <RootComponent type="92" id="{7d5a7818-b9dc-e611-80fb-3863bb2e92b0}" behavior="0" />
      <RootComponent type="92" id="{7dfc1576-9cc3-e711-80fa-3863bb2bca60}" behavior="0" />
      <RootComponent type="92" id="{7f028105-d788-e711-80ed-3863bb2e0320}" behavior="0" />
      <RootComponent type="92" id="{7f39b5c9-1dc9-e711-80fc-3863bb2bca60}" behavior="0" />
      <RootComponent type="92" id="{8245f978-c77e-e811-a95d-000d3a30dc28}" behavior="0" />
      <RootComponent type="92" id="{8467c963-7bd9-e611-80fd-3863bb34cb20}" behavior="0" />
      <RootComponent type="92" id="{86e1fe2b-4f1c-e811-8108-3863bb2bca60}" behavior="0" />
      <RootComponent type="92" id="{872d2b85-8e0c-e711-80dd-3863bb353d80}" behavior="0" />
      <RootComponent type="92" id="{8900ad9b-7299-e811-a964-000d3a30d7c8}" behavior="0" />
      <RootComponent type="92" id="{8a2a7e75-c3a9-e711-80f8-3863bb353d80}" behavior="0" />
      <RootComponent type="92" id="{8a3d1a0b-3512-e811-8107-3863bb353d80}" behavior="0" />
      <RootComponent type="92" id="{8a9e0085-cfea-e711-8100-3863bb2e0320}" behavior="0" />
      <RootComponent type="92" id="{8ea1c6c8-7399-e811-a968-000d3a30dc0a}" behavior="0" />
      <RootComponent type="92" id="{8f28d8a7-ad67-e711-80ec-3863bb353d80}" behavior="0" />
      <RootComponent type="92" id="{8f3c57b1-2324-e711-80e4-3863bb35ed38}" behavior="0" />
      <RootComponent type="92" id="{9101c47b-72ff-e711-8105-3863bb353d80}" behavior="0" />
      <RootComponent type="92" id="{9206b91d-20fd-e711-8105-3863bb353d80}" behavior="0" />
      <RootComponent type="92" id="{929520ae-1dc9-e711-80fc-3863bb2bca60}" behavior="0" />
      <RootComponent type="92" id="{9422f016-1ec9-e711-80fc-3863bb2bca60}" behavior="0" />
      <RootComponent type="92" id="{956a3fc2-7441-e811-811c-3863bb35ed38}" behavior="0" />
      <RootComponent type="92" id="{970fea2b-f1d4-e711-80fd-3863bb2bca60}" behavior="0" />
      <RootComponent type="92" id="{982f63fb-7d5a-e811-811d-3863bb2e0320}" behavior="0" />
      <RootComponent type="92" id="{9b54b270-895d-e711-80e8-3863bb2e0320}" behavior="0" />
      <RootComponent type="92" id="{9c71f482-7299-e811-a967-000d3a30dc28}" behavior="0" />
      <RootComponent type="92" id="{9de179bf-dd3b-e711-80e2-3863bb2e0320}" behavior="0" />
      <RootComponent type="92" id="{9ebe09be-1034-e811-8111-3863bb2bca60}" behavior="0" />
      <RootComponent type="92" id="{9f0c2263-ad30-e711-80e2-3863bb2e0320}" behavior="0" />
      <RootComponent type="92" id="{9f0c900a-1c43-e811-8119-3863bb353d80}" behavior="0" />
      <RootComponent type="92" id="{9faf2244-7399-e811-a96b-000d3a30da56}" behavior="0" />
      <RootComponent type="92" id="{a009fe73-8c4a-e711-80e9-3863bb353d80}" behavior="0" />
      <RootComponent type="92" id="{a03ff864-8c4a-e711-80e9-3863bb353d80}" behavior="0" />
      <RootComponent type="92" id="{a2e63609-2da8-e711-80f9-3863bb35ed38}" behavior="0" />
      <RootComponent type="92" id="{a6405b32-567f-e811-a960-000d3a30da4f}" behavior="0" />
      <RootComponent type="92" id="{a8b91680-ec66-e711-80ee-3863bb35ed38}" behavior="0" />
      <RootComponent type="92" id="{aaad231b-7e5a-e811-811d-3863bb2e0320}" behavior="0" />
      <RootComponent type="92" id="{ab0e2ffe-e35c-e811-8127-3863bb35ed38}" behavior="0" />
      <RootComponent type="92" id="{abb104f2-cf6f-e811-a95e-000d3a30d7c8}" behavior="0" />
      <RootComponent type="92" id="{ac74f524-1bd3-e611-80fa-3863bb2e92b0}" behavior="0" />
      <RootComponent type="92" id="{ae80fbf9-342b-e711-80e6-3863bb35ed38}" behavior="0" />
      <RootComponent type="92" id="{b08e8075-c97d-e711-80f1-3863bb35ed38}" behavior="0" />
      <RootComponent type="92" id="{b294ab21-567f-e811-a960-000d3a30da4f}" behavior="0" />
      <RootComponent type="92" id="{b3d10465-7299-e811-a962-000d3a30d104}" behavior="0" />
      <RootComponent type="92" id="{b6557071-be30-e711-80e5-3863bb353d80}" behavior="0" />
      <RootComponent type="92" id="{bb11f617-b2cd-e711-8102-3863bb35ed38}" behavior="0" />
      <RootComponent type="92" id="{bf80b1e9-f236-e711-80e2-3863bb2bca60}" behavior="0" />
      <RootComponent type="92" id="{c29092d8-cd67-e711-80e8-3863bb2e0320}" behavior="0" />
      <RootComponent type="92" id="{c656269e-93b9-e711-80f7-3863bb2e0320}" behavior="0" />
      <RootComponent type="92" id="{c909c365-7499-e811-a965-000d3a30da4f}" behavior="0" />
      <RootComponent type="92" id="{c94a97ac-1ec9-e711-80fc-3863bb2bca60}" behavior="0" />
      <RootComponent type="92" id="{c9d97fee-caa8-e711-810a-5065f38a6b31}" behavior="0" />
      <RootComponent type="92" id="{caa1707c-3e8f-e711-80f4-3863bb35ed38}" behavior="0" />
      <RootComponent type="92" id="{cbc72826-19d3-e611-80fa-3863bb35ef70}" behavior="0" />
      <RootComponent type="92" id="{cc34837e-43af-e711-80fa-3863bb35ed38}" behavior="0" />
      <RootComponent type="92" id="{ced48964-1dc9-e711-80fc-3863bb2bca60}" behavior="0" />
      <RootComponent type="92" id="{d0ea59b2-fe2c-e811-8115-3863bb35ed38}" behavior="0" />
      <RootComponent type="92" id="{d1254580-40c8-e711-80fb-3863bb2e0320}" behavior="0" />
      <RootComponent type="92" id="{d691e71f-b604-e711-80dd-3863bb35ed38}" behavior="0" />
      <RootComponent type="92" id="{d7801196-1ec9-e711-80fc-3863bb2bca60}" behavior="0" />
      <RootComponent type="92" id="{dad077ee-4320-e711-80de-3863bb2bca60}" behavior="0" />
      <RootComponent type="92" id="{db561354-7399-e811-a962-000d3a30d104}" behavior="0" />
      <RootComponent type="92" id="{db5d43e8-cf6f-e811-a95b-000d3a30dc28}" behavior="0" />
      <RootComponent type="92" id="{dc8b867e-57fb-e711-8103-3863bb2bca60}" behavior="0" />
      <RootComponent type="92" id="{de10f430-1bd3-e611-80fa-3863bb2e92b0}" behavior="0" />
      <RootComponent type="92" id="{e1eb70d6-1b28-e811-810f-3863bb353d80}" behavior="0" />
      <RootComponent type="92" id="{e20feec7-037a-e811-a95d-000d3a30d104}" behavior="0" />
      <RootComponent type="92" id="{e271b0a7-7399-e811-a962-000d3a30d104}" behavior="0" />
      <RootComponent type="92" id="{e372aac2-40c8-e711-80fb-3863bb2e0320}" behavior="0" />
      <RootComponent type="92" id="{e3c5bbf5-1dc9-e711-80fc-3863bb2bca60}" behavior="0" />
      <RootComponent type="92" id="{e710bff4-7399-e811-a962-000d3a30d104}" behavior="0" />
      <RootComponent type="92" id="{e7306fba-7399-e811-a968-000d3a30dc0a}" behavior="0" />
      <RootComponent type="92" id="{e8779a23-047a-e811-a95f-000d3a30d7c8}" behavior="0" />
      <RootComponent type="92" id="{e92e935e-9f88-e711-80ed-3863bb2bca60}" behavior="0" />
      <RootComponent type="92" id="{ec5525c5-7d5a-e811-811d-3863bb2e0320}" behavior="0" />
      <RootComponent type="92" id="{f1581b65-213e-e811-8115-3863bb2bca60}" behavior="0" />
      <RootComponent type="92" id="{f1edb05e-8c4a-e711-80e9-3863bb353d80}" behavior="0" />
      <RootComponent type="92" id="{f3360bba-7299-e811-a967-000d3a30dc28}" behavior="0" />
      <RootComponent type="92" id="{f44fccd7-037a-e811-a95e-000d3a30da56}" behavior="0" />
      <RootComponent type="92" id="{f5c61266-17d3-e611-80fa-3863bb2e92b0}" behavior="0" />
      <RootComponent type="92" id="{f607a730-1ec9-e711-80fc-3863bb2bca60}" behavior="0" />
      <RootComponent type="92" id="{f62af3ab-7299-e811-a962-000d3a30d104}" behavior="0" />
      <RootComponent type="92" id="{f6847d76-7299-e811-a967-000d3a30dc28}" behavior="0" />
      <RootComponent type="92" id="{f784d1e4-4270-e711-80ea-3863bb2bca60}" behavior="0" />
      <RootComponent type="92" id="{fa91e7ab-44ba-e711-80fe-3863bb35ed38}" behavior="0" />
      <RootComponent type="92" id="{fbb5a867-554f-e711-80e9-3863bb35ed38}" behavior="0" />
      <RootComponent type="92" id="{fbbcc75f-8927-e811-8111-3863bb35ed38}" behavior="0" />
      <RootComponent type="92" id="{fc5ffb65-fd54-e711-80e6-3863bb2bca60}" behavior="0" />
    </RootComponents>
    <MissingDependencies>
     
    </MissingDependencies>
  </SolutionManifest>
</ImportExportXml>